work_year,experience_level,employment_type,salary_in_usd,remote_ratio
2023,2,1,85847,100
2023,1,2,30000,100
2023,1,2,25500,100
2023,2,1,175000,100
2023,2,1,120000,100
2023,2,1,222200,0
2023,2,1,136000,0
2023,2,1,219000,0
2023,2,1,141000,0
2023,2,1,147100,0
2023,2,1,90700,0
2023,2,1,130000,100
2023,2,1,100000,100
2023,0,1,213660,0
2023,0,1,130760,0
2023,2,1,147100,0
2023,2,1,90700,0
2023,2,1,170000,0
2023,2,1,150000,0
2023,1,1,150000,100
2023,1,1,110000,100
2023,2,1,275000,0
2023,2,1,174000,0
2023,2,1,230000,100
2023,2,1,143200,100
2023,2,1,225000,0
2023,2,1,156400,0
2023,2,1,200000,0
2023,2,1,130000,0
2023,2,1,90000,0
2023,2,1,72000,0
2023,2,1,253200,0
2023,2,1,90700,0
2023,2,1,342810,0
2023,2,1,184590,0
2023,1,1,162500,0
2023,1,1,130000,0
2023,1,1,105380,0
2023,1,1,64500,0
2023,0,1,100000,100
2023,0,1,30000,100
2022,1,1,20984,50
2023,0,1,204620,0
2023,0,1,110680,0
2023,2,1,270703,0
2023,2,1,221484,0
2023,2,1,212750,100
2023,2,1,185000,100
2023,2,1,262000,100
2023,2,1,245000,100
2023,2,1,275300,100
2023,2,1,183500,100
2023,2,1,218500,100
2023,2,1,199098,100
2023,2,1,203300,100
2023,2,1,123600,100
2023,2,1,189110,0
2023,2,1,139000,0
2023,3,1,258750,0
2023,3,1,185000,0
2023,2,1,231500,100
2023,2,1,166000,100
2023,2,1,172500,100
2023,2,1,110500,100
2023,2,1,238000,0
2023,2,1,176000,0
2023,2,1,237000,100
2023,2,1,201450,100
2023,2,1,309400,0
2023,2,1,159100,0
2023,2,1,115000,0
2023,2,1,81500,0
2023,2,1,237000,100
2023,2,1,201450,100
2023,2,1,280000,0
2023,2,1,210000,0
2023,2,1,280100,100
2023,2,1,168100,100
2023,2,1,193500,100
2023,2,1,139000,100
2023,1,1,65062,0
2023,2,1,150000,100
2023,1,1,69751,100
2022,0,1,300000,50
2023,1,1,96578,100
2023,2,1,185900,0
2023,2,1,129300,0
2023,2,1,225000,100
2023,2,1,175000,100
2023,2,1,185000,0
2023,2,1,140000,0
2023,2,1,48289,0
2023,2,1,38631,0
2023,2,1,105000,0
2023,2,1,70000,0
2023,0,1,163196,0
2023,0,1,145885,0
2023,2,1,217000,100
2023,2,1,185000,100
2023,2,1,202800,0
2023,2,1,104300,0
2023,2,1,145000,0
2023,2,1,65000,0
2023,2,1,165000,0
2023,2,1,132300,0
2023,2,1,179170,0
2023,2,1,94300,0
2023,2,1,152500,0
2023,2,1,116450,0
2023,2,1,247300,0
2023,2,1,133800,0
2023,2,1,203000,0
2023,2,1,133000,0
2023,0,1,220000,50
2022,0,1,56536,100
2023,2,1,150000,0
2023,2,1,120000,0
2023,2,1,289800,0
2023,2,1,214000,0
2023,2,1,179820,0
2023,2,1,143860,0
2023,2,1,283200,100
2023,2,1,188800,100
2023,2,1,289800,0
2023,2,1,214200,0
2023,2,1,185900,0
2023,2,1,129300,0
2023,2,1,252000,0
2023,2,1,129000,0
2023,1,1,155000,0
2023,1,1,140000,0
2023,2,1,161800,100
2023,2,1,141600,100
2023,2,1,342300,0
2023,2,1,176100,0
2023,1,1,100000,100
2023,1,1,70000,100
2023,0,1,85000,0
2023,0,1,65000,0
2023,2,1,138784,100
2023,2,1,83270,100
2023,0,1,75000,0
2023,0,1,70000,0
2023,2,1,204500,0
2023,2,1,138900,0
2023,2,1,318300,100
2023,2,1,212200,100
2023,2,1,95000,100
2023,2,1,75000,100
2023,2,1,195000,0
2023,2,1,160000,0
2023,2,1,230000,0
2023,2,1,143200,0
2023,1,1,100000,100
2023,1,1,70000,100
2023,1,1,105000,50
2023,1,1,20670,100
2023,1,1,46178,0
2023,1,1,42533,0
2023,2,1,145000,0
2023,2,1,115000,0
2023,2,1,168400,0
2023,2,1,105200,0
2023,2,1,309400,0
2023,2,1,159100,0
2023,2,1,190000,0
2023,2,1,150000,0
2023,1,1,162500,0
2023,1,1,130000,0
2023,2,1,150000,100
2023,2,1,120000,100
2023,2,1,145000,0
2023,2,1,120000,0
2023,2,1,222200,0
2023,2,1,136000,0
2023,2,1,54685,100
2023,2,1,42533,100
2023,2,1,241000,0
2023,2,1,155000,0
2023,2,1,220000,100
2023,2,1,190000,100
2023,1,1,66837,0
2023,1,1,54685,0
2020,3,1,15000,0
2023,1,1,85066,100
2023,1,1,57723,100
2023,0,1,85000,100
2023,0,1,75000,100
2023,2,1,160000,0
2023,2,1,140000,0
2023,1,1,300000,0
2023,1,1,250000,0
2023,2,1,228000,0
2023,2,1,186000,0
2023,2,1,190000,0
2023,2,1,170000,0
2023,1,1,230000,0
2023,1,1,200000,0
2023,2,1,180000,100
2023,2,1,115000,100
2023,2,1,200000,100
2023,2,1,115000,100
2023,2,1,53654,50
2023,3,1,220000,0
2023,3,1,205000,0
2023,1,1,180000,0
2023,1,1,130000,0
2023,2,1,200000,100
2023,2,1,150000,100
2023,2,1,215000,0
2023,2,1,170000,0
2023,2,1,247500,0
2023,2,1,172200,0
2023,2,1,224000,0
2023,2,1,176000,0
2023,2,1,120000,100
2023,2,1,75000,100
2023,0,1,17022,100
2023,2,1,68318,100
2023,1,1,75020,0
2023,2,1,140000,0
2023,2,1,120000,0
2023,2,1,128000,0
2023,2,1,81500,0
2023,2,1,145000,0
2023,2,1,115000,0
2023,2,1,185000,0
2023,2,1,140000,0
2023,3,1,329500,0
2023,3,1,269600,0
2023,2,1,100000,0
2023,2,1,80000,0
2023,2,1,250000,0
2023,2,1,162500,0
2023,1,1,200000,100
2023,2,1,145000,0
2023,2,1,100000,0
2023,3,1,145000,0
2023,3,1,115000,0
2023,2,1,203500,0
2023,2,1,152000,0
2023,2,1,239000,0
2023,2,1,122900,0
2023,2,1,237000,0
2023,2,1,145000,0
2023,2,1,191765,0
2023,2,1,134236,0
2023,2,1,190000,100
2023,2,1,112000,100
2022,2,1,88256,100
2023,0,1,85000,0
2023,0,1,65000,0
2023,2,1,135000,0
2023,2,1,105500,0
2023,2,1,293000,0
2023,2,1,185000,0
2023,2,1,80000,0
2023,2,1,70000,0
2023,2,1,220000,100
2023,2,1,160000,100
2023,2,1,175000,100
2023,2,1,145000,100
2023,2,1,200000,0
2023,2,1,148500,0
2023,2,1,48289,0
2023,2,1,38631,0
2023,2,1,240500,0
2023,2,1,123700,0
2023,2,1,152900,100
2023,2,1,117100,100
2023,2,1,173000,100
2023,2,1,113000,100
2023,2,1,260000,0
2023,2,1,136000,0
2023,3,1,175000,0
2023,3,1,110000,0
2023,2,1,260000,0
2023,2,1,136000,0
2023,2,1,130000,100
2023,2,1,110000,100
2023,2,1,205000,100
2023,2,1,184000,100
2023,2,1,149500,100
2023,2,1,127075,100
2023,2,1,195000,0
2023,2,1,160000,0
2023,2,1,219535,100
2023,2,1,146115,100
2023,2,1,170000,0
2023,2,1,135000,0
2023,2,1,175000,100
2023,2,1,145000,100
2023,2,1,199000,0
2023,2,1,162000,0
2023,2,1,222200,0
2023,2,1,136000,0
2023,3,1,221000,100
2023,3,1,153000,100
2023,2,1,187000,0
2023,2,1,128000,0
2023,2,1,210000,0
2023,2,1,136000,0
2023,2,1,175000,100
2023,2,1,100000,100
2023,2,1,179000,0
2023,2,1,109000,0
2023,2,1,245000,0
2023,2,1,180000,0
2023,2,1,142000,100
2023,2,1,75000,100
2023,2,1,198800,0
2023,2,1,105200,0
2023,2,1,125000,100
2023,2,1,112000,100
2023,2,1,210000,0
2023,2,1,155000,0
2023,2,1,115000,100
2023,2,1,86000,100
2023,2,1,165000,0
2023,2,1,140000,0
2023,2,1,139000,0
2023,2,1,106000,0
2023,0,1,40663,0
2022,2,1,275000,0
2023,2,3,50000,50
2023,1,1,280700,100
2023,1,1,150450,100
2023,0,1,51753,100
2023,2,1,250500,0
2023,2,1,159500,0
2023,2,1,145000,0
2023,2,1,115000,0
2023,2,1,140000,0
2023,2,1,120000,0
2023,0,1,130001,100
2023,0,1,71907,100
2023,1,1,93918,100
2023,1,1,51962,100
2023,2,1,175000,100
2023,2,1,135000,100
2023,0,1,85000,0
2023,0,1,65000,0
2023,2,1,257000,0
2023,2,1,147000,0
2023,2,1,222000,100
2023,2,1,175000,100
2023,2,1,203000,100
2023,2,1,133200,100
2023,0,1,213660,0
2023,0,1,130760,0
2023,2,1,221000,0
2023,2,1,147000,0
2023,2,1,100000,0
2023,2,1,80000,0
2023,2,1,185900,0
2023,2,1,129300,0
2023,2,1,238000,100
2023,2,1,156000,100
2023,2,1,304000,100
2023,2,1,199000,100
2023,1,1,48289,100
2023,2,1,150000,0
2023,2,1,130000,0
2023,2,1,140000,100
2023,2,1,110000,100
2023,1,1,90000,0
2023,1,1,75000,0
2023,1,1,195895,0
2023,1,1,102772,0
2023,2,1,240000,0
2023,2,1,183600,0
2023,1,1,130000,0
2023,1,1,80000,0
2023,2,1,250000,0
2023,2,1,150000,0
2023,2,1,160000,100
2023,2,1,120000,100
2023,2,1,289076,0
2023,2,1,202353,0
2023,2,1,145000,0
2023,2,1,120000,0
2023,2,1,155000,0
2023,2,1,106000,0
2023,2,1,200000,0
2023,2,1,160000,0
2023,2,1,157750,100
2023,2,1,104650,100
2023,1,1,180000,100
2023,1,1,140000,100
2023,3,1,200000,0
2023,3,1,145000,0
2023,1,1,68000,0
2023,0,1,60000,100
2023,2,1,48289,0
2023,2,1,38631,0
2023,0,1,85000,0
2023,0,1,65000,0
2023,1,1,125000,0
2023,1,1,90000,0
2023,2,1,105000,100
2023,2,1,90000,100
2023,2,1,179820,0
2023,2,1,143860,0
2023,2,1,135000,0
2023,2,1,105500,0
2023,0,1,155000,0
2023,0,1,125000,0
2023,2,1,241000,0
2023,2,1,181000,0
2023,2,1,252000,0
2023,2,1,154000,0
2023,3,1,180000,0
2023,3,1,155000,0
2023,2,1,191765,0
2023,2,1,134236,0
2023,2,1,175000,100
2023,2,1,145000,100
2023,2,1,237000,100
2023,2,1,145000,100
2023,0,1,155000,0
2023,0,1,125000,0
2023,2,1,80000,0
2023,2,1,70000,0
2023,2,1,146000,0
2023,2,1,75000,0
2023,0,1,64200,100
2023,0,1,56100,100
2023,2,1,170000,0
2023,2,1,130000,0
2023,2,1,208450,100
2023,2,1,170550,100
2023,2,1,125000,0
2023,2,1,100000,0
2023,1,1,135000,0
2023,1,1,120000,0
2023,2,1,200000,100
2023,2,1,170000,100
2023,2,1,171250,0
2023,2,1,113750,0
2023,2,1,222200,0
2023,2,1,136000,0
2023,2,1,260000,0
2023,2,1,136000,0
2023,2,1,153600,0
2023,2,1,100500,0
2023,2,1,205000,100
2023,2,1,184000,100
2023,2,1,115000,100
2023,2,1,95000,100
2023,1,1,182500,0
2023,1,1,121500,0
2023,2,1,203100,0
2023,2,1,114500,0
2023,1,1,72914,0
2023,1,1,54685,0
2023,2,1,252000,0
2023,2,1,129000,0
2023,0,1,92700,100
2023,0,1,61800,100
2023,2,1,160000,100
2023,2,1,130000,100
2023,2,1,258000,0
2023,2,1,190000,0
2023,2,1,170000,0
2023,2,1,135000,0
2023,1,1,167500,0
2023,1,1,106500,0
2023,2,1,195000,0
2023,2,1,160000,0
2023,1,1,146000,0
2023,1,1,75000,0
2022,0,1,59888,100
2023,3,1,286000,100
2023,3,1,207000,100
2023,2,1,100000,100
2023,2,1,80000,100
2023,2,1,223250,0
2023,2,1,178600,0
2023,3,1,353200,0
2023,3,1,249300,0
2023,1,1,230000,0
2023,1,1,220000,0
2023,2,1,297300,100
2023,2,1,198200,100
2023,1,1,210000,100
2023,1,1,151800,100
2023,2,1,200000,100
2023,2,1,170000,100
2023,2,1,317070,0
2023,2,1,170730,0
2023,2,1,128000,0
2023,2,1,81500,0
2023,0,1,21461,0
2023,2,1,108000,0
2023,2,1,60000,0
2023,1,1,134000,100
2023,1,1,124000,100
2023,2,1,171250,0
2023,2,1,113750,0
2023,2,1,165000,0
2023,2,1,132300,0
2023,2,1,225000,0
2023,2,1,175000,0
2023,2,1,230000,0
2023,2,1,124500,0
2023,2,1,247500,0
2023,2,1,172200,0
2023,2,1,175000,0
2023,2,1,145000,0
2023,2,1,148700,0
2023,2,1,125600,0
2023,2,1,145000,0
2023,2,1,115000,0
2023,2,1,200000,0
2023,2,1,150000,0
2023,0,1,160000,0
2023,0,1,120000,0
2023,2,1,185000,100
2023,2,1,120250,100
2023,2,1,275300,100
2023,2,1,183000,100
2023,2,1,170000,100
2023,2,1,125000,100
2023,1,1,167500,0
2023,1,1,106500,0
2023,2,1,250000,0
2023,2,1,200000,0
2023,1,1,135000,50
2023,2,1,423834,0
2023,2,1,216000,100
2023,2,1,184000,100
2023,2,1,180000,100
2023,2,1,165000,100
2023,2,1,185900,0
2023,2,1,129300,0
2023,2,1,145000,0
2023,2,1,120000,0
2023,1,1,143865,0
2023,1,1,115092,0
2023,1,1,130000,0
2023,1,1,90000,0
2023,2,1,173000,100
2023,2,1,132000,100
2023,2,1,208049,0
2023,2,1,128500,0
2023,2,1,179820,0
2023,2,1,143860,0
2023,2,1,167500,0
2023,2,1,106500,0
2023,2,1,275300,100
2023,2,1,183500,100
2023,1,1,149600,0
2023,1,1,102000,0
2023,3,1,145000,0
2023,3,1,100000,0
2023,2,1,190000,100
2023,2,1,95000,100
2023,2,1,153600,0
2023,2,1,106800,0
2023,1,1,96578,0
2023,1,1,80481,0
2023,1,1,128000,0
2023,1,1,85000,0
2023,1,1,151000,0
2023,1,1,140000,0
2023,2,1,275300,100
2023,2,1,183500,100
2023,2,1,220000,0
2023,2,1,170000,0
2023,2,1,135000,0
2023,2,1,105500,0
2023,2,1,100000,100
2023,2,1,80000,100
2023,0,1,7000,0
2023,0,1,42923,50
2023,2,1,160000,100
2023,2,1,145000,100
2023,1,1,154000,0
2023,1,1,143000,0
2023,1,1,78990,0
2023,1,1,51039,0
2023,0,1,190000,0
2023,0,1,120000,0
2023,1,1,85066,0
2023,1,1,51039,0
2023,1,1,109371,0
2023,1,1,72914,0
2023,2,1,150000,0
2023,2,1,111000,0
2023,3,1,265000,0
2023,3,1,235000,0
2023,0,1,121093,50
2022,1,1,73546,100
2023,2,1,160000,100
2023,2,1,130000,100
2023,1,1,75000,100
2023,1,1,60400,100
2023,0,1,85000,100
2023,0,1,75000,100
2023,2,1,252000,0
2023,2,1,129000,0
2023,0,1,92700,100
2023,0,1,61800,100
2022,2,1,172309,100
2023,1,1,60093,100
2023,1,1,83500,100
2023,1,1,52500,100
2023,2,1,201036,0
2023,2,1,134024,0
2023,2,1,165000,100
2023,2,1,140000,100
2023,0,1,62000,100
2023,0,1,58000,100
2023,2,1,172000,0
2023,2,1,115000,0
2023,0,1,125000,0
2023,0,1,90000,0
2023,2,1,163800,0
2023,2,1,126000,0
2023,2,1,237000,100
2023,2,1,145000,100
2023,1,1,90000,100
2023,1,1,90000,100
2023,2,1,139500,0
2023,2,1,109400,0
2023,2,1,258000,0
2023,2,1,190000,0
2023,1,1,145000,0
2023,1,1,120000,0
2023,2,1,205600,0
2023,2,1,105700,0
2023,2,1,252000,0
2023,2,1,129000,0
2023,2,1,239748,0
2023,2,1,159832,0
2023,2,1,186300,100
2023,2,1,102500,100
2023,2,1,165000,0
2023,2,1,132300,0
2023,2,1,190000,0
2023,2,1,126000,0
2023,2,1,149040,100
2023,2,1,113900,100
2023,2,1,153600,100
2023,2,1,106800,100
2023,2,1,172600,100
2023,2,1,107900,100
2023,2,1,180180,0
2023,2,1,106020,0
2023,2,1,376080,100
2023,2,1,213120,100
2023,2,1,153600,0
2023,2,1,100500,0
2023,2,1,206500,100
2023,2,1,121600,100
2023,2,1,260000,0
2023,2,1,225000,0
2023,3,1,194500,0
2023,3,1,115500,0
2023,2,1,170000,100
2023,2,1,90000,100
2023,0,1,95000,100
2023,0,1,70000,100
2023,2,1,275000,0
2023,2,1,160000,0
2023,2,1,115934,100
2023,2,1,81666,100
2023,2,1,175000,0
2023,2,1,120000,0
2023,2,1,150000,100
2023,2,1,120000,100
2023,2,1,200000,0
2023,2,1,175000,0
2023,1,1,206000,0
2023,1,1,130000,0
2023,2,1,138000,100
2023,2,1,92000,100
2023,2,1,65000,0
2023,2,1,48000,0
2023,2,1,110000,100
2023,2,1,75000,100
2023,2,1,130000,0
2023,2,1,87000,0
2023,1,1,160000,0
2023,1,1,112000,0
2023,1,1,162500,0
2023,1,1,130000,0
2023,2,1,299500,0
2023,2,1,245100,0
2023,1,1,145000,0
2023,1,1,100000,0
2023,2,1,147100,0
2023,2,1,90700,0
2023,0,1,115100,0
2023,0,1,73900,0
2023,2,1,168400,0
2023,2,1,105200,0
2023,2,1,210000,0
2023,2,1,160000,0
2023,1,1,145000,0
2023,1,1,100000,0
2023,2,1,222200,0
2023,2,1,136000,0
2023,1,1,100000,0
2023,1,1,85000,0
2023,1,1,85066,100
2023,1,1,57723,100
2023,3,1,200000,0
2023,3,1,145000,0
2023,1,1,140000,0
2023,1,1,95000,0
2023,2,1,185000,100
2023,2,1,120250,100
2023,1,1,130000,100
2023,2,1,205000,0
2023,2,1,140000,0
2023,2,1,297300,100
2023,2,1,198200,100
2023,2,1,141288,0
2023,2,1,94192,0
2023,2,1,184000,100
2023,2,1,143000,100
2023,2,1,70000,0
2023,2,1,55000,0
2023,2,1,275300,100
2023,2,1,183500,100
2023,1,1,75000,100
2023,1,1,65000,100
2023,1,1,160000,0
2023,1,1,147000,0
2023,2,1,149040,100
2023,2,1,113900,100
2023,1,1,75020,100
2023,2,1,180180,0
2023,2,1,106020,0
2023,1,1,17022,100
2023,0,1,70000,0
2023,0,1,80000,50
2023,1,1,18238,50
2023,1,1,250000,0
2023,1,1,150000,0
2023,2,1,139500,0
2023,2,1,109400,0
2023,2,1,105000,0
2023,2,1,70000,0
2023,3,1,210914,100
2023,3,1,116704,100
2023,0,1,150000,0
2023,0,1,100000,0
2023,2,1,146000,0
2023,2,1,75000,0
2023,0,1,75000,100
2023,0,1,60000,100
2023,1,1,185700,0
2023,1,1,165000,0
2023,2,1,160000,100
2023,2,1,130000,100
2023,2,1,169000,0
2023,2,1,110600,0
2023,2,1,193000,100
2023,2,1,136850,100
2023,2,1,139500,0
2023,2,1,109400,0
2023,2,1,276000,100
2023,2,1,178500,100
2023,1,1,59020,0
2023,1,1,48289,0
2023,1,1,75116,100
2023,1,1,48289,100
2023,2,1,195652,0
2023,2,1,101228,0
2023,2,1,136956,0
2023,2,1,101228,0
2023,2,1,252000,0
2023,2,1,129000,0
2022,2,1,130000,100
2021,1,1,150000,100
2023,2,1,163800,0
2023,2,1,126000,0
2023,2,1,260000,100
2023,2,1,110000,100
2023,2,1,170000,100
2023,2,1,130000,100
2023,2,1,247500,0
2023,2,1,172200,0
2023,2,1,239748,0
2023,2,1,159832,0
2023,2,1,163800,0
2023,2,1,126000,0
2023,1,1,128750,0
2023,1,1,106250,0
2023,2,1,252000,0
2023,2,1,129000,0
2023,2,1,299500,0
2023,2,1,245100,0
2023,1,1,155000,0
2023,1,1,140000,0
2023,3,1,167500,0
2023,3,1,106500,0
2023,2,1,188500,100
2023,2,1,117000,100
2023,2,1,250000,100
2023,2,1,138000,100
2023,1,1,130000,100
2023,1,1,100000,100
2023,2,1,123405,0
2023,2,1,140000,0
2023,2,1,120000,0
2023,2,1,160000,0
2023,2,1,135000,0
2023,1,1,104500,0
2023,1,1,70000,0
2023,1,1,90000,0
2023,1,1,70000,0
2023,2,1,153600,100
2023,2,1,106800,100
2023,0,1,125000,0
2023,0,1,90000,0
2023,1,1,185000,100
2023,1,1,125000,100
2023,2,1,127000,100
2023,2,1,94000,100
2023,2,1,210550,0
2023,2,1,153300,0
2023,1,1,200000,100
2023,1,1,150000,100
2023,2,1,161500,100
2023,2,1,119500,100
2023,2,1,175000,0
2023,2,1,145000,0
2023,2,1,175000,0
2023,2,1,148750,0
2023,2,1,105000,0
2023,2,1,85000,0
2023,2,1,215000,0
2023,2,1,146300,0
2023,0,1,214618,100
2023,1,1,72000,100
2023,1,1,60000,100
2023,2,1,153400,0
2023,2,1,122700,0
2023,1,1,260000,0
2023,1,1,175000,0
2023,2,1,186300,100
2023,2,1,123900,100
2023,1,1,340000,100
2023,1,1,150000,100
2023,2,1,153400,0
2023,2,1,122700,0
2023,1,1,250000,0
2023,1,1,175000,0
2023,1,1,64385,50
2023,2,1,185900,0
2023,2,1,121700,0
2023,2,1,153600,0
2023,2,1,106800,0
2023,2,3,50000,50
2023,0,1,100000,100
2023,2,1,247500,0
2023,2,1,172200,0
2023,3,1,310000,100
2023,3,1,239000,100
2023,2,1,125000,0
2023,2,1,110000,0
2023,0,1,150000,0
2023,0,1,100000,0
2023,2,1,149076,0
2023,2,1,82365,0
2023,1,1,146000,0
2023,1,1,75000,0
2023,2,1,139500,0
2023,2,1,109400,0
2023,2,1,139500,0
2023,2,1,109400,0
2023,1,1,149600,0
2023,1,1,102000,0
2023,1,1,97218,0
2023,1,1,48609,0
2023,2,1,252000,0
2023,2,1,129000,0
2023,2,1,95000,0
2023,2,1,85500,0
2023,2,1,185900,0
2023,2,1,121700,0
2023,0,1,150000,0
2023,0,1,100000,0
2023,1,1,145000,0
2023,1,1,125000,0
2023,1,1,150000,100
2023,1,1,97750,100
2023,2,1,201000,0
2023,2,1,122000,0
2023,2,1,252000,0
2023,2,1,129000,0
2023,2,1,120000,100
2023,2,1,75000,100
2023,1,1,116990,100
2023,1,1,82920,100
2023,2,1,185900,0
2023,2,1,129300,0
2023,1,1,200000,0
2023,1,1,125000,0
2023,2,1,201000,0
2023,2,1,122000,0
2023,2,1,204500,0
2023,2,1,142200,0
2023,2,1,155000,0
2023,2,1,140000,0
2023,1,1,205920,0
2023,1,1,171600,0
2023,2,1,121500,100
2023,2,1,78000,100
2023,1,1,154000,0
2023,1,1,116000,0
2023,2,1,190000,0
2023,2,1,136000,0
2023,1,1,78990,100
2023,1,1,43809,100
2023,2,1,180000,0
2023,2,1,110000,0
2023,2,1,275300,100
2023,2,1,183000,100
2023,2,1,170000,0
2023,2,1,140000,0
2023,2,1,154000,0
2023,2,1,116000,0
2023,2,1,160000,100
2023,2,1,130000,100
2023,1,1,200000,0
2023,1,1,120000,0
2023,2,1,175000,100
2023,2,1,160000,100
2023,1,1,127599,0
2023,1,1,103294,0
2023,2,1,153600,0
2023,2,1,106800,0
2023,0,1,85000,100
2023,0,1,75000,100
2023,2,1,225000,0
2023,2,1,156400,0
2023,2,1,150000,0
2023,2,1,120000,0
2023,2,1,163800,0
2023,2,1,126000,0
2023,2,1,145000,100
2023,2,1,90000,100
2023,2,1,204500,0
2023,2,1,142200,0
2023,2,1,95000,0
2023,2,1,85500,0
2023,2,1,167500,0
2023,2,1,106500,0
2023,2,1,163800,0
2023,2,1,126000,0
2023,1,1,155000,0
2023,1,1,140000,0
2023,2,1,250000,0
2023,2,1,200000,0
2023,2,1,260000,0
2023,2,1,186000,0
2023,2,1,160000,100
2023,2,1,130000,100
2023,2,1,200000,0
2023,2,1,150000,0
2023,2,1,48289,0
2023,2,1,38631,0
2023,2,1,150000,0
2023,2,1,120000,0
2023,0,1,30000,50
2023,1,1,185000,0
2023,1,1,125000,0
2022,0,0,34320,100
2022,1,1,9289,100
2023,2,1,75116,100
2022,3,1,106000,0
2023,2,1,175000,100
2023,2,1,130000,100
2023,2,1,122000,100
2023,2,1,93800,100
2023,2,1,150000,100
2023,2,1,90000,100
2023,2,1,165000,100
2023,2,1,112000,100
2023,0,1,220000,0
2023,2,1,71897,100
2023,0,1,64385,0
2023,2,1,204500,0
2023,2,1,142200,0
2023,2,1,15806,100
2023,1,1,200000,0
2023,1,1,175000,0
2023,2,1,185900,0
2023,2,1,129300,0
2023,2,1,185900,0
2023,2,1,121700,0
2023,2,1,204500,0
2023,2,1,142200,0
2023,1,1,40000,50
2023,2,1,29453,50
2023,2,1,180180,0
2023,2,1,106020,0
2023,2,1,136000,100
2023,2,1,104000,100
2023,2,1,125000,0
2023,2,1,110000,0
2023,2,1,153400,0
2023,2,1,122700,0
2023,3,1,310000,100
2023,3,1,239000,100
2023,2,1,152380,0
2023,2,1,121904,0
2023,2,1,185900,0
2023,2,1,129300,0
2023,2,1,247500,0
2023,2,1,172200,0
2023,2,1,168400,0
2023,2,1,105200,0
2023,2,1,128280,0
2023,2,1,106900,0
2022,2,1,192000,100
2023,1,1,140000,0
2023,1,1,100000,0
2023,2,1,107309,100
2023,2,1,85847,100
2023,2,1,275000,0
2023,2,1,174000,0
2023,2,1,139500,0
2023,2,1,109400,0
2023,2,1,139500,0
2023,2,1,109400,0
2023,2,1,170500,100
2023,2,1,85000,100
2023,2,1,72946,0
2023,2,1,54365,0
2023,3,1,160288,0
2023,3,1,127467,0
2023,2,1,80000,0
2023,2,1,65000,0
2023,2,1,124740,0
2023,2,1,65488,0
2023,2,1,72200,0
2023,2,1,64980,0
2023,2,1,153600,0
2023,2,1,106800,0
2023,2,1,179975,100
2023,2,1,86466,100
2023,2,1,120000,0
2023,2,1,90000,0
2023,1,1,51039,0
2023,1,1,42533,0
2023,2,1,149076,0
2023,2,1,82365,0
2023,2,1,169000,0
2023,2,1,110600,0
2023,2,1,175000,0
2023,2,1,120000,0
2023,2,1,230000,0
2023,2,1,180000,0
2023,2,1,153600,0
2023,2,1,106800,0
2023,2,1,140000,0
2023,2,1,120000,0
2023,2,1,205920,0
2023,2,1,171600,0
2023,2,1,165000,100
2023,2,1,125000,100
2023,2,1,265000,0
2023,2,1,185000,0
2023,1,1,130000,0
2022,0,1,168000,100
2023,1,1,38631,50
2023,2,1,95000,0
2023,2,1,85500,0
2023,2,1,147100,0
2023,2,1,90700,0
2023,2,1,167580,0
2023,2,1,87980,0
2023,2,1,202000,100
2023,2,1,135000,100
2023,2,1,163800,0
2023,2,1,126000,0
2023,2,1,163800,0
2023,2,1,126000,0
2023,2,1,104000,100
2023,2,1,65000,100
2023,2,1,230000,0
2023,2,1,148000,0
2023,2,1,269000,100
2023,2,1,158000,100
2023,2,1,197000,0
2023,2,1,106000,0
2023,1,1,150000,100
2023,1,1,100000,100
2023,2,1,290000,100
2023,2,1,210000,100
2023,2,1,192000,0
2023,2,1,172800,0
2023,2,1,300240,0
2023,2,1,200160,0
2023,2,1,300240,0
2023,2,1,200160,0
2023,2,1,175000,0
2023,2,1,140000,0
2023,2,1,169000,0
2023,2,1,100000,0
2023,2,1,370000,0
2023,2,1,245000,0
2023,1,1,115447,100
2023,2,1,110000,100
2023,2,1,80000,100
2023,0,1,55000,0
2023,0,1,48000,0
2023,2,1,95000,0
2023,2,1,85000,0
2023,2,1,137500,100
2023,2,1,81500,100
2023,2,1,323300,0
2023,2,1,184700,0
2021,1,1,30000,0
2023,2,1,186000,100
2023,2,1,153088,100
2023,1,1,190000,100
2023,1,1,160000,100
2023,2,1,200000,100
2023,2,1,150000,100
2023,1,1,190000,0
2023,1,1,183310,0
2023,2,1,240000,100
2023,2,1,180000,100
2023,2,1,200000,100
2023,2,1,150000,100
2023,2,1,299500,0
2023,2,1,245100,0
2023,2,1,144000,100
2023,2,1,66000,100
2023,1,1,148500,0
2023,1,1,126277,0
2023,2,1,228000,0
2023,2,1,120000,0
2023,2,1,180000,0
2023,2,1,90000,0
2023,2,1,126500,0
2023,2,1,78000,0
2023,2,1,180000,0
2023,2,1,160000,0
2023,2,1,272000,0
2023,2,1,170000,0
2023,1,1,80000,0
2023,1,1,60000,0
2023,2,1,259000,100
2023,2,1,146000,100
2023,2,1,200000,0
2023,2,1,160000,0
2023,3,1,310000,100
2023,3,1,239000,100
2023,2,1,142000,100
2023,2,1,95000,100
2023,2,1,155000,0
2023,2,1,139500,0
2023,1,1,140000,100
2023,1,1,120000,100
2023,2,1,259000,100
2023,2,1,146000,100
2023,1,1,109371,0
2023,1,1,72914,0
2023,0,0,17779,100
2023,0,1,19522,100
2023,2,1,247500,0
2023,2,1,172200,0
2023,2,1,225000,0
2023,2,1,156400,0
2023,2,1,139500,0
2023,2,1,109400,0
2023,1,1,125000,0
2023,1,1,90000,0
2023,2,1,107309,100
2023,2,1,75116,100
2023,2,1,185900,0
2023,2,1,129300,0
2023,2,1,139500,0
2023,2,1,109400,0
2023,2,1,120000,100
2023,2,1,75000,100
2023,2,1,169000,0
2023,2,1,110600,0
2023,2,1,288000,100
2023,2,1,140000,100
2023,2,1,288000,100
2023,2,1,140000,100
2023,1,1,120000,0
2023,1,1,90000,0
2023,1,1,72914,0
2023,1,1,60761,0
2023,2,1,215050,100
2023,2,1,156400,100
2023,2,1,198000,100
2023,2,1,114000,100
2023,0,1,75000,100
2023,0,1,60000,100
2023,2,1,204500,0
2023,2,1,142200,0
2023,2,1,209300,100
2023,2,1,182200,100
2023,2,1,140000,0
2023,2,1,120000,0
2022,0,1,85000,0
2023,1,1,48609,100
2023,0,1,120000,100
2023,0,1,60000,100
2023,2,1,147100,0
2023,2,1,90700,0
2023,2,1,230000,0
2023,2,1,170000,0
2023,2,1,227000,0
2023,2,1,108000,0
2023,2,1,180000,100
2023,2,1,160000,100
2023,2,1,180000,100
2023,2,1,160000,100
2023,2,1,180000,0
2023,2,1,130000,0
2023,2,1,55800,100
2023,2,1,51508,100
2023,0,1,60000,100
2023,0,1,50000,50
2023,2,1,226700,0
2023,2,1,133300,0
2023,2,1,252000,0
2023,2,1,129000,0
2023,2,1,151902,100
2023,0,1,9727,0
2023,2,1,80000,0
2023,2,1,52500,0
2023,2,1,250000,100
2023,2,1,162500,100
2023,0,1,85000,100
2023,0,1,75000,100
2023,2,1,153600,0
2023,2,1,106800,0
2023,1,1,165000,0
2023,1,1,124000,0
2023,2,1,115934,100
2023,2,1,81666,100
2023,2,1,167580,0
2023,2,1,87980,0
2023,2,1,250000,100
2023,2,1,63000,100
2023,2,1,253750,0
2023,2,1,169200,0
2023,2,1,253750,0
2023,2,1,169200,0
2023,1,1,170000,0
2023,1,1,120000,0
2023,2,1,124740,0
2023,2,1,65488,0
2023,2,1,213580,100
2023,2,1,163625,100
2023,0,1,12000,0
2022,2,1,375000,100
2023,2,1,101943,100
2023,1,1,16414,100
2023,2,1,220000,0
2023,2,1,170000,0
2023,3,1,235000,0
2023,3,1,210000,0
2023,2,1,180000,100
2023,2,1,115000,100
2023,2,1,200000,100
2023,2,1,115000,100
2023,2,1,231250,100
2023,2,1,138750,100
2023,2,1,284310,0
2023,2,1,153090,0
2023,2,1,160000,100
2023,2,1,75000,100
2023,1,1,125000,0
2023,1,1,105000,0
2023,1,1,109371,0
2023,1,1,85066,0
2023,0,1,55000,0
2023,0,1,48000,0
2023,0,1,100000,50
2023,2,1,225900,0
2023,2,1,156400,0
2023,2,1,250000,100
2023,2,1,162500,100
2023,2,1,318300,100
2023,2,1,188800,100
2023,2,1,385000,0
2023,2,1,60000,0
2023,1,1,110000,100
2023,1,1,95000,100
2023,2,1,145000,100
2023,2,1,135000,100
2023,2,1,180180,0
2023,2,1,106020,0
2023,2,1,93919,100
2023,2,1,51962,100
2023,2,1,241871,0
2023,2,1,133832,0
2023,2,1,170000,100
2023,2,1,90000,100
2023,3,1,210914,100
2023,3,1,116704,100
2023,2,1,192500,100
2023,2,1,140000,100
2023,2,1,149076,0
2023,2,1,82365,0
2023,1,1,36000,100
2023,2,1,175000,0
2023,2,1,148750,0
2023,2,1,370000,0
2023,2,1,200000,0
2023,2,1,235000,100
2023,2,1,185000,100
2023,1,1,121523,0
2023,1,1,97218,0
2023,2,1,216100,0
2023,2,1,140800,0
2023,1,1,145828,0
2023,1,1,121523,0
2023,2,1,53654,100
2023,0,1,110000,50
2023,2,1,128000,0
2023,2,1,81500,0
2023,1,1,66837,100
2023,1,1,63192,100
2023,1,1,60761,0
2023,1,1,54685,0
2023,3,1,284000,100
2023,3,1,236000,100
2023,2,1,248100,0
2023,2,1,145900,0
2023,2,1,155850,0
2023,2,1,102544,0
2023,1,1,151410,100
2023,1,1,115360,100
2023,1,1,66531,100
2023,1,1,59020,100
2023,2,1,125686,50
2023,2,1,100000,50
2023,0,1,12767,50
2023,2,1,250000,0
2023,2,1,162500,0
2023,2,1,185000,0
2023,2,1,120250,0
2023,0,1,26827,100
2022,0,1,180000,100
2023,1,1,85000,0
2023,1,1,70000,0
2023,2,1,135000,100
2023,2,1,100000,100
2023,3,1,155000,0
2023,3,1,140000,0
2023,2,1,204500,0
2023,2,1,142200,0
2023,2,1,226700,0
2023,2,1,133300,0
2023,2,1,225000,100
2023,2,1,156400,100
2023,2,1,163800,0
2023,2,1,126000,0
2023,2,1,163800,0
2023,2,1,126000,0
2023,2,1,220000,0
2023,2,1,150000,0
2023,2,1,145000,0
2023,2,1,115000,0
2023,2,1,204500,0
2023,2,1,138900,0
2023,1,1,162500,0
2023,1,1,130000,0
2023,2,1,150000,100
2023,2,1,107000,100
2023,3,1,175000,0
2023,3,1,110000,0
2023,2,1,226700,0
2023,2,1,133300,0
2023,2,1,252000,0
2023,2,1,129000,0
2023,2,1,150000,0
2023,2,1,125000,0
2023,2,1,252000,0
2023,2,1,129000,0
2023,2,1,225000,0
2023,2,1,156400,0
2022,1,1,23000,100
2023,1,1,110000,100
2023,2,1,265000,100
2023,2,1,182750,100
2023,1,1,130000,0
2023,1,1,100000,0
2023,2,1,153600,0
2023,2,1,106800,0
2023,2,1,137500,0
2023,2,1,81500,0
2023,3,1,314100,0
2023,3,1,195800,0
2023,2,1,205000,0
2023,2,1,180000,0
2023,2,1,165000,100
2023,2,1,144000,100
2023,0,1,160000,0
2023,0,1,100000,0
2023,3,1,200000,0
2023,3,1,145000,0
2023,1,1,150000,0
2023,1,1,100000,0
2023,2,1,199000,0
2023,2,1,112000,0
2023,2,1,105000,0
2023,2,1,70000,0
2023,0,1,130000,100
2023,2,1,180180,0
2023,2,1,106020,0
2023,0,1,160000,0
2023,0,1,135000,0
2023,2,1,183000,0
2023,2,1,134000,0
2023,2,1,220000,0
2023,2,1,150000,0
2023,2,1,350000,0
2023,2,1,262500,0
2023,2,1,122000,0
2023,2,1,94000,0
2023,2,1,276000,0
2023,2,1,184000,0
2023,3,1,310000,100
2023,3,1,239000,100
2023,2,1,225000,100
2023,2,1,156400,100
2023,1,1,180000,100
2023,1,1,150000,100
2023,2,1,228000,0
2023,2,1,152000,0
2023,2,1,209450,100
2023,2,1,158677,100
2023,2,1,175000,0
2023,2,1,145000,0
2023,2,1,240000,0
2023,2,1,170000,0
2023,1,1,103200,0
2023,1,1,61200,0
2022,1,1,155000,100
2021,0,1,66970,50
2023,2,1,63312,50
2023,2,1,237000,100
2023,2,1,145000,100
2023,2,1,240000,100
2023,2,1,139000,100
2023,2,1,174500,0
2023,2,1,113000,0
2023,2,1,130000,100
2023,2,1,87000,100
2023,2,1,160000,100
2023,2,1,108000,100
2023,2,1,165000,100
2023,2,1,107250,100
2023,2,1,300000,0
2023,2,1,119000,0
2023,2,1,285800,100
2023,2,1,154600,100
2023,1,1,60795,50
2023,0,1,30000,100
2023,1,1,220000,0
2023,1,1,195000,0
2023,2,1,168400,0
2023,2,1,105200,0
2023,1,1,206000,0
2023,1,1,160000,0
2023,2,1,200000,100
2023,2,1,175000,100
2023,2,1,231250,100
2023,2,1,138750,100
2023,2,1,153000,100
2023,2,1,94000,100
2023,2,1,240500,0
2023,2,1,123700,0
2023,2,1,160000,100
2023,2,1,90000,100
2023,0,1,124234,0
2023,0,1,74540,0
2023,1,1,109000,0
2023,1,1,79000,0
2022,2,1,84053,50
2023,1,1,50000,0
2023,2,1,275300,100
2023,2,1,183500,100
2023,2,1,275300,100
2023,2,1,183500,100
2023,2,1,160000,100
2023,2,1,125600,100
2023,2,1,170000,0
2023,2,1,120000,0
2023,2,1,225000,0
2023,2,1,140000,0
2023,2,1,141290,0
2023,2,1,74178,0
2023,2,1,150000,0
2023,2,1,120000,0
2023,2,1,85000,100
2023,2,1,75000,100
2023,2,1,220000,0
2023,2,1,160000,0
2023,2,1,205600,100
2023,2,1,107500,100
2023,1,1,120000,0
2023,1,1,95000,0
2023,2,1,185900,0
2023,2,1,129300,0
2023,2,1,160000,100
2023,2,1,130000,100
2023,0,1,12888,50
2023,1,1,250000,0
2023,1,1,175000,0
2023,2,1,136000,100
2023,2,1,104000,100
2023,1,1,80000,0
2023,1,1,52500,0
2023,2,1,110000,100
2023,2,1,84000,100
2023,2,1,125000,0
2023,2,1,110000,0
2023,1,1,90000,0
2023,1,1,80000,0
2023,2,1,200000,0
2023,2,1,135000,0
2022,0,1,48000,50
2023,0,1,120000,50
2023,2,1,130000,0
2023,2,1,75000,0
2023,2,1,252000,0
2023,2,1,129000,0
2023,1,1,150000,0
2023,1,1,100000,0
2023,2,1,226700,0
2023,2,1,133300,0
2023,2,1,190000,0
2023,2,1,165000,0
2023,2,1,170000,100
2023,2,1,150000,100
2023,1,1,150000,0
2023,1,1,130000,0
2023,2,1,225000,0
2023,2,1,156400,0
2023,2,1,200000,100
2023,1,1,80000,100
2023,0,1,12877,50
2022,0,1,6304,0
2023,1,1,17509,50
2023,2,1,257000,0
2023,2,1,134000,0
2023,2,1,77262,0
2023,2,1,38631,0
2023,2,1,205600,0
2023,2,1,105700,0
2023,2,1,140000,100
2023,2,1,110000,100
2023,2,1,299500,0
2023,2,1,245100,0
2023,2,1,210000,0
2023,2,1,151800,0
2023,1,1,53654,50
2023,2,1,51508,0
2023,2,1,40777,0
2023,2,1,51508,0
2023,2,1,40777,0
2023,0,1,160000,0
2023,0,1,135000,0
2023,1,1,120000,100
2023,1,1,95000,100
2023,2,1,250000,100
2023,2,1,63000,100
2023,2,1,237000,100
2023,2,1,145000,100
2023,2,1,130000,100
2023,2,1,90000,100
2023,1,1,120000,100
2023,1,1,100000,100
2023,2,1,174500,0
2023,2,1,113000,0
2023,1,1,183310,0
2023,1,1,183310,0
2023,2,1,145000,100
2023,2,1,102500,100
2023,2,1,210000,0
2023,2,1,185000,0
2023,2,1,174500,0
2023,2,1,113000,0
2023,2,1,122000,0
2023,2,1,94000,0
2023,2,1,220000,0
2023,2,1,146000,0
2023,2,1,300000,0
2023,2,1,130000,0
2023,1,1,24740,50
2022,1,1,15897,100
2023,2,1,145000,0
2023,2,1,128000,0
2023,2,1,182000,0
2023,2,1,140000,0
2023,2,1,122000,0
2023,2,1,94000,0
2023,2,1,77262,0
2023,2,1,38631,0
2023,3,1,300000,0
2023,3,1,200000,0
2023,1,1,135000,0
2023,1,1,105500,0
2023,2,1,252000,0
2023,2,1,129000,0
2022,1,1,110000,100
2023,2,1,136000,100
2023,2,1,104000,100
2023,2,1,168000,100
2023,2,1,130000,100
2023,1,1,78990,0
2023,1,1,43809,0
2023,1,1,120000,0
2023,1,1,95000,0
2023,2,1,153400,0
2023,2,1,122700,0
2023,2,1,185000,0
2023,2,1,160000,0
2023,2,1,205000,100
2023,2,1,185000,100
2023,2,1,204500,0
2023,2,1,142200,0
2023,1,1,145000,0
2023,1,1,87000,0
2023,0,1,50000,100
2023,2,1,234100,100
2023,2,1,203500,100
2023,2,1,223800,0
2023,2,1,172100,0
2023,2,1,180000,0
2023,2,1,150000,0
2023,2,1,232200,100
2023,2,1,167200,100
2023,2,1,197000,0
2023,2,1,106000,0
2023,2,1,180000,0
2023,2,1,145000,0
2023,2,1,225000,0
2023,2,1,200000,0
2023,2,1,170000,100
2023,2,1,114000,100
2023,2,1,291500,0
2023,2,1,180000,0
2023,3,1,196200,0
2023,3,1,150900,0
2023,2,1,168400,0
2023,2,1,105200,0
2023,1,1,95000,100
2023,1,1,80000,100
2023,1,1,116000,0
2023,1,1,72000,0
2023,2,1,207000,0
2023,2,1,167000,0
2023,2,1,145000,0
2023,2,1,135000,0
2023,1,1,105000,0
2023,1,1,70000,0
2023,2,1,180000,100
2023,2,1,115000,100
2023,2,1,133800,100
2023,2,1,96100,100
2023,1,1,120000,0
2023,1,1,80000,0
2023,2,1,140000,0
2023,2,1,100000,0
2023,2,1,150000,0
2023,2,1,120000,0
2023,2,1,140000,100
2023,2,1,115000,100
2023,2,1,297300,100
2023,2,1,198200,100
2023,2,1,297300,100
2023,2,1,198200,100
2023,2,1,202000,100
2023,2,1,135000,100
2023,2,1,110000,100
2023,2,1,84000,100
2023,1,1,219000,50
2023,2,1,230000,100
2023,2,1,196000,100
2023,2,1,140000,100
2023,2,1,110000,100
2023,1,1,150000,0
2023,1,1,100000,0
2023,2,1,160000,0
2023,2,1,110000,0
2023,2,1,185900,0
2023,2,1,129300,0
2023,2,1,126100,0
2023,2,1,72000,0
2023,2,1,170000,100
2023,2,1,150000,100
2023,1,1,175000,100
2023,1,1,140000,100
2023,2,1,240500,0
2023,2,1,137500,0
2023,1,1,187500,0
2023,1,1,165000,0
2023,1,1,72914,0
2022,0,0,25216,100
2023,2,1,210000,0
2023,2,1,165750,0
2023,2,1,225000,100
2023,2,1,165750,100
2023,1,1,109006,0
2023,1,1,67141,0
2023,2,1,135000,100
2023,2,1,115000,100
2023,2,1,275000,0
2023,2,1,175000,0
2023,2,1,170000,100
2023,2,1,140000,100
2023,2,1,175308,0
2023,2,1,100706,0
2023,2,1,235000,0
2023,2,1,135000,0
2023,2,1,310000,0
2023,2,1,229000,0
2023,2,1,289076,0
2023,2,1,202353,0
2023,2,1,69751,0
2023,2,1,37558,0
2023,1,1,120000,100
2023,1,1,100000,100
2023,2,1,226700,0
2023,2,1,133300,0
2023,2,1,125000,0
2023,2,1,85000,0
2023,2,1,130000,100
2023,2,1,80000,100
2023,1,1,120000,0
2023,1,1,100000,0
2021,2,1,54094,100
2022,1,1,18314,50
2023,2,1,231250,100
2023,2,1,138750,100
2023,2,1,199000,0
2023,2,1,162000,0
2023,0,1,160000,0
2023,0,1,135000,0
2022,0,1,100000,100
2023,2,1,200000,0
2023,2,1,150000,0
2023,0,1,160000,0
2023,0,1,120000,0
2023,2,1,250000,0
2023,2,1,200000,0
2023,0,1,150000,0
2023,0,1,120000,0
2023,2,1,150000,0
2023,2,1,100000,0
2022,2,1,133000,0
2023,2,1,272550,0
2023,2,1,198200,0
2023,2,1,182000,0
2023,2,1,140000,0
2023,2,1,200000,0
2023,2,1,160000,0
2023,2,1,204500,0
2023,2,1,142200,0
2023,1,1,120000,0
2023,1,1,105000,0
2023,2,1,187500,100
2023,2,1,175000,100
2023,2,1,204500,0
2023,2,1,142200,0
2023,2,1,155000,100
2023,2,1,64000,100
2023,2,1,235000,0
2023,2,1,185000,0
2023,2,1,174500,0
2023,2,1,113000,0
2023,2,1,143100,0
2023,2,1,113000,0
2023,2,1,184000,100
2023,2,1,142000,100
2023,2,1,140000,0
2023,2,1,120000,0
2023,2,1,174500,0
2023,2,1,113000,0
2023,2,1,180560,0
2023,2,1,115440,0
2023,2,1,140000,0
2023,2,1,120000,0
2023,2,1,248100,0
2023,2,1,145900,0
2023,2,1,120000,0
2023,2,1,110000,0
2023,2,1,291500,0
2023,2,1,180000,0
2023,1,1,75344,100
2023,1,1,63192,100
2023,2,1,161800,0
2023,2,1,141600,0
2023,1,1,58331,100
2023,1,1,46178,100
2023,2,1,166000,100
2023,2,1,128000,100
2023,2,1,170000,100
2023,2,1,110000,100
2023,2,1,160000,100
2023,2,1,75000,100
2023,2,1,236000,100
2023,2,1,182000,100
2022,1,1,14307,100
2022,0,1,130000,0
2023,1,1,150000,0
2023,1,1,100000,0
2023,2,1,261500,0
2023,2,1,134500,0
2022,1,1,13989,100
2023,1,1,130000,0
2023,1,1,90000,0
2023,0,1,160000,0
2023,0,1,135000,0
2022,2,1,125000,100
2022,2,1,175000,0
2022,2,1,155000,0
2022,2,1,153600,0
2022,2,1,106800,0
2022,2,1,150000,0
2022,2,1,140000,0
2022,2,1,122000,0
2022,2,1,94500,0
2022,2,1,170000,0
2022,2,1,130000,0
2022,2,1,145000,0
2022,2,1,128000,0
2022,2,1,145000,0
2022,2,1,100000,0
2022,2,1,175000,0
2022,2,1,120000,0
2022,2,1,145000,0
2022,2,1,115000,0
2022,2,1,150000,100
2022,1,1,150000,0
2022,1,1,100000,0
2022,1,1,150000,100
2022,1,1,127500,100
2022,2,1,126500,100
2022,2,1,51000,100
2022,1,1,260000,0
2022,1,1,175000,0
2022,0,1,40000,100
2022,0,1,40000,100
2022,2,1,250000,100
2022,2,1,63000,100
2022,2,1,210000,100
2022,2,1,160000,100
2022,2,1,272550,100
2022,2,1,198200,100
2022,1,1,94560,100
2022,1,1,52533,100
2022,2,1,220000,0
2022,2,1,146000,0
2022,1,1,150000,0
2022,1,1,100000,0
2022,2,1,248400,100
2022,2,1,183600,100
2022,1,1,150000,100
2022,1,1,150000,100
2022,0,1,40000,100
2022,2,1,56723,0
2022,1,1,120000,0
2022,1,1,95000,0
2022,0,1,160000,0
2022,0,1,135000,0
2022,0,1,24165,50
2022,2,1,216000,100
2022,2,1,144000,100
2022,0,1,85000,0
2022,0,1,65000,0
2022,2,1,149000,100
2022,2,1,119000,100
2022,2,1,140000,0
2022,2,1,120000,0
2022,1,1,150000,0
2022,1,1,110000,0
2022,2,1,246000,100
2022,2,1,201000,100
2022,2,1,190000,0
2022,2,1,155000,0
2022,2,1,235000,100
2022,2,1,185000,100
2022,2,1,190000,100
2022,2,1,160000,100
2022,0,1,100000,100
2022,1,1,130000,0
2022,1,1,115000,0
2022,1,1,92350,0
2022,1,1,67723,0
2022,1,1,105000,0
2022,1,1,70000,0
2022,2,1,204500,0
2022,2,1,142200,0
2022,2,1,192000,100
2022,2,1,164000,100
2022,2,1,185900,0
2022,2,1,129300,0
2022,2,1,130000,0
2022,2,1,75000,0
2022,2,1,175000,0
2022,2,1,120000,0
2022,2,1,167500,0
2022,2,1,106500,0
2022,1,1,75000,100
2022,1,1,60000,100
2022,2,1,184000,100
2022,2,1,142000,100
2022,1,1,145000,0
2022,1,1,100000,0
2022,0,1,10000,50
2022,1,1,31795,100
2022,1,1,44365,100
2022,2,1,175000,0
2022,2,1,120000,0
2022,2,1,175000,0
2022,2,1,120000,0
2022,3,1,200000,0
2022,3,1,145000,0
2022,1,1,92350,100
2022,1,1,73880,100
2022,2,1,145000,0
2022,2,1,100000,0
2022,2,1,192000,100
2022,2,1,164000,100
2022,3,1,310000,100
2022,3,1,239000,100
2022,2,1,120000,0
2022,2,1,95000,0
2022,2,1,145000,0
2022,2,1,135000,0
2022,2,1,100000,0
2022,2,1,78000,0
2022,2,1,73546,0
2022,2,1,36773,0
2022,1,1,160000,100
2022,1,1,120000,100
2022,2,1,190000,0
2022,2,1,150000,0
2022,1,1,35610,50
2022,2,1,125000,100
2022,2,1,120000,0
2022,2,1,95000,0
2022,1,1,150000,0
2022,1,1,100000,0
2022,2,1,47280,0
2022,2,1,37824,0
2022,2,1,115934,100
2022,2,1,81666,100
2022,2,1,175000,100
2022,2,1,140000,100
2022,2,1,120000,0
2022,2,1,95000,0
2022,2,1,249500,0
2022,2,1,149850,0
2022,1,1,122500,100
2022,1,1,100000,100
2022,2,1,249500,0
2022,2,1,149850,0
2022,0,1,55000,0
2022,0,1,48000,0
2022,2,1,249500,0
2022,2,1,149850,0
2022,1,1,58837,100
2022,2,1,190000,100
2022,2,1,120000,100
2022,2,1,127000,100
2022,2,1,104000,100
2022,2,1,210000,100
2022,2,1,150000,100
2022,2,1,210000,100
2022,2,1,150000,100
2022,2,1,210000,100
2022,2,1,130000,100
2022,2,1,182750,100
2022,2,1,161500,100
2022,1,1,102640,100
2022,1,1,66100,100
2022,2,1,210000,100
2022,2,1,150000,100
2022,2,1,198800,0
2022,2,1,122600,0
2022,1,1,130000,100
2022,1,1,80000,100
2022,2,1,136000,100
2022,2,1,104000,100
2022,2,1,150000,100
2022,2,1,100000,100
2022,0,1,160000,0
2022,0,1,135000,0
2022,2,1,216000,100
2022,2,1,144000,100
2022,3,1,159000,100
2022,3,1,130000,100
2022,2,1,115934,100
2022,2,1,81666,100
2022,2,1,215000,100
2022,2,1,150000,100
2022,2,1,246000,100
2022,2,1,201000,100
2022,1,1,187000,100
2022,1,1,153000,100
2022,2,1,255000,100
2022,2,1,185000,100
2022,1,1,430967,0
2022,1,1,55410,0
2022,2,1,50432,0
2022,2,1,39925,0
2022,2,1,169000,0
2022,2,1,110600,0
2022,0,1,60938,0
2022,2,1,140000,100
2022,2,1,120000,100
2022,1,1,75000,100
2022,1,1,60000,100
2022,2,1,10000,50
2022,0,1,50000,50
2022,1,1,134000,100
2022,1,1,124000,100
2022,2,1,166700,0
2022,2,1,119000,0
2022,0,1,124234,0
2022,0,1,74540,0
2022,1,1,100000,100
2022,1,1,65000,100
2021,1,1,16904,50
2022,0,1,200000,50
2022,0,1,12000,100
2022,2,1,220000,100
2022,2,1,146000,100
2022,2,1,68293,0
2022,2,1,36773,0
2022,2,1,110000,0
2022,2,1,70000,0
2022,0,1,50000,50
2022,2,1,120000,0
2022,2,1,95000,0
2022,1,1,150000,0
2022,1,1,100000,0
2022,2,1,47280,0
2022,2,1,37824,0
2022,2,1,190000,100
2022,2,1,135000,100
2022,2,1,128000,0
2022,2,1,81500,0
2022,2,1,173000,100
2022,2,1,110000,100
2022,2,1,192000,0
2022,2,1,120000,0
2022,2,1,115934,100
2022,2,1,81666,100
2022,2,1,120000,0
2022,2,1,95000,0
2022,2,1,190000,100
2022,2,1,194000,100
2022,2,1,129400,100
2022,2,1,201000,100
2022,2,1,89200,100
2022,2,1,165000,0
2022,2,1,125000,0
2022,2,1,230000,100
2022,2,1,196000,100
2022,1,1,130000,0
2022,1,1,90000,0
2022,1,1,150000,100
2022,1,1,100000,100
2022,1,1,230000,0
2022,1,1,150000,0
2022,2,1,153600,0
2022,2,1,106800,0
2022,1,1,130000,100
2022,1,1,100000,100
2022,2,1,216000,100
2022,2,1,144000,100
2022,1,1,180000,0
2022,1,1,120000,0
2022,0,1,160000,0
2022,0,1,135000,0
2022,2,1,192500,100
2022,2,1,140000,100
2022,2,1,152500,0
2022,2,1,130000,0
2022,2,1,65000,100
2022,2,1,55000,100
2022,2,1,178750,0
2022,2,1,160000,0
2022,1,1,63040,100
2022,1,1,52533,100
2022,1,1,165000,0
2022,1,1,135000,0
2022,2,1,170000,100
2022,2,1,125000,100
2022,2,1,105000,0
2022,2,1,70000,0
2022,2,1,130000,0
2022,2,1,95000,0
2022,2,1,203500,0
2022,2,1,152000,0
2022,2,1,197430,100
2022,2,1,134760,100
2022,1,1,120000,100
2022,2,1,197000,0
2022,2,1,99000,0
2022,2,1,220000,100
2022,2,1,162000,100
2022,1,1,110446,0
2022,1,1,79178,0
2022,1,1,70186,0
2022,1,1,51716,0
2022,2,1,149040,100
2022,2,1,113900,100
2020,1,1,95000,0
2021,2,1,115000,100
2022,2,1,171000,100
2022,0,1,13000,100
2022,2,1,100000,0
2022,2,1,78000,0
2022,2,1,120000,0
2022,2,1,95000,0
2022,2,1,110000,0
2022,2,1,70000,0
2022,0,3,50000,100
2022,2,1,185900,0
2022,2,1,129300,0
2022,1,1,150000,0
2022,1,1,100000,0
2022,2,1,230000,100
2022,2,1,154600,100
2022,2,1,204500,0
2022,2,1,142200,0
2022,1,1,160000,100
2022,1,1,75000,100
2022,2,1,47280,0
2022,2,1,37824,0
2022,2,1,213000,0
2022,2,1,152000,0
2022,2,1,140000,100
2022,2,1,120000,100
2022,2,1,110000,0
2022,2,1,70000,0
2022,2,1,227200,100
2022,2,1,168000,100
2021,0,1,20000,0
2022,1,1,64090,0
2022,1,1,60938,0
2022,2,1,243000,100
2022,2,1,183000,100
2022,2,1,175000,0
2022,2,1,150000,0
2022,1,1,130000,100
2022,1,1,90000,100
2022,1,1,165000,0
2022,1,1,124000,0
2022,2,1,178000,0
2022,2,1,132000,0
2022,2,1,300000,0
2022,2,1,130000,0
2022,2,1,169000,0
2022,2,1,110600,0
2022,2,1,116000,100
2022,2,1,96000,100
2022,2,1,92350,0
2022,2,1,70186,0
2022,2,1,105000,0
2022,2,1,70000,0
2022,1,1,105236,50
2022,2,1,194000,100
2022,2,1,129400,100
2022,2,1,190000,100
2022,2,1,135000,100
2022,2,1,100000,0
2022,2,1,70000,0
2022,0,1,189750,0
2022,0,1,140250,0
2022,2,1,130000,0
2022,2,1,100000,0
2022,1,1,160000,0
2022,1,1,109000,0
2022,2,1,250000,0
2022,2,1,150000,0
2022,1,1,206000,0
2022,1,1,160000,0
2022,2,1,135000,0
2022,2,1,120000,0
2022,2,1,115573,100
2022,2,1,73546,100
2022,0,1,160000,0
2022,0,1,135000,0
2022,1,1,150000,0
2022,1,1,100000,0
2022,1,1,120000,0
2022,1,1,95000,0
2022,2,1,68293,0
2022,2,1,42026,0
2022,2,1,191200,0
2022,2,1,130000,0
2022,2,1,191200,0
2022,2,1,130000,0
2022,0,1,66192,50
2022,0,1,50000,100
2022,2,1,230000,0
2022,2,1,154600,0
2022,2,1,120000,0
2022,2,1,95000,0
2022,2,1,140000,0
2022,2,1,120000,0
2022,2,1,169000,0
2022,2,1,110600,0
2022,1,1,80000,100
2022,2,1,185900,0
2022,2,1,129300,0
2022,2,1,135000,0
2022,2,1,110000,0
2022,1,1,155000,0
2022,1,1,140000,0
2022,2,1,205000,100
2022,2,1,150000,100
2022,2,1,179500,0
2022,2,1,134000,0
2022,1,1,180000,0
2022,1,1,120000,0
2022,2,1,185900,0
2022,2,1,129300,0
2022,2,1,175000,100
2022,2,1,145000,100
2022,2,1,235000,100
2022,2,1,175000,100
2022,0,1,27317,50
2022,1,1,160000,100
2022,1,1,90000,100
2022,2,1,68293,0
2022,2,1,36773,0
2022,2,1,145000,0
2022,2,1,115000,0
2022,1,1,165000,0
2022,1,1,135000,0
2022,2,1,168400,0
2022,2,1,105200,0
2022,1,1,86193,100
2022,1,1,49253,100
2022,2,1,200000,0
2022,2,1,160000,0
2022,2,1,47280,0
2022,2,1,37824,0
2022,2,1,198800,0
2022,2,1,122600,0
2022,0,3,100000,100
2022,1,1,105066,50
2022,2,1,130000,0
2022,2,1,100000,0
2022,1,1,104663,0
2022,1,1,73880,0
2022,2,1,125000,100
2022,2,1,110000,100
2022,1,1,165000,0
2022,1,1,124000,0
2022,2,1,148000,100
2022,2,1,107000,100
2022,1,1,150000,0
2022,1,1,100000,0
2022,0,1,160000,0
2022,0,1,135000,0
2022,1,1,120000,0
2022,1,1,95000,0
2022,2,1,153600,0
2022,2,1,106800,0
2022,1,1,100000,0
2022,1,1,65000,0
2022,1,1,120000,0
2022,1,1,95000,0
2022,2,1,63040,0
2022,2,1,36773,0
2022,3,1,310000,100
2022,3,1,239000,100
2022,2,1,299500,0
2022,2,1,245100,0
2022,2,1,168000,100
2022,2,1,130000,100
2022,2,1,136000,100
2022,2,1,104000,100
2022,1,1,161000,100
2022,1,1,118000,100
2022,2,1,205000,100
2022,2,1,184000,100
2022,2,1,185900,0
2022,2,1,129300,0
2022,2,1,247500,0
2022,2,1,172200,0
2022,2,1,68293,0
2022,2,1,177000,0
2022,2,1,131000,0
2022,2,1,205000,100
2022,2,1,184000,100
2022,2,1,146000,0
2022,2,1,102000,0
2022,2,1,169000,0
2022,2,1,110600,0
2022,2,1,230000,100
2022,2,1,196000,100
2022,2,1,135000,0
2022,2,1,100000,0
2022,1,1,80000,0
2022,1,1,65000,0
2022,2,1,135000,0
2022,2,1,100000,0
2022,2,1,61566,100
2022,2,1,43096,100
2022,1,1,175000,100
2022,1,1,135000,100
2022,0,1,80000,0
2022,2,1,231250,100
2022,2,1,138750,100
2022,2,1,193750,100
2022,2,1,116250,100
2022,2,1,231250,100
2022,2,1,138750,100
2022,2,1,231250,100
2022,2,1,138750,100
2022,2,1,231250,100
2022,2,1,138750,100
2022,2,1,193750,100
2022,2,1,116250,100
2022,2,1,208000,100
2022,2,1,127000,100
2022,2,1,300000,100
2022,2,1,196000,100
2022,2,1,204500,0
2022,2,1,142200,0
2021,1,3,45555,50
2022,2,1,185900,0
2022,2,1,129300,0
2022,2,1,47280,0
2022,2,1,37824,0
2022,2,1,204500,0
2022,2,1,142200,0
2022,2,1,205000,100
2022,2,1,185000,100
2022,2,1,185900,0
2022,2,1,129300,0
2022,2,1,247500,0
2022,2,1,172200,0
2022,0,1,160000,0
2022,0,1,135000,0
2022,1,1,150000,0
2022,1,1,100000,0
2022,2,1,110000,0
2022,2,1,95000,0
2022,2,1,185900,0
2022,2,1,129300,0
2022,2,1,205000,100
2022,2,1,184000,100
2022,0,1,17684,100
2022,2,1,375000,50
2022,2,1,191200,0
2022,2,1,130000,0
2022,2,1,225000,0
2022,2,1,156400,0
2022,2,1,169000,0
2022,2,1,110600,0
2022,2,1,204500,0
2022,2,1,142200,0
2022,1,1,104663,0
2022,1,1,80036,0
2022,2,1,185900,0
2022,2,1,129300,0
2022,2,1,140700,0
2022,2,1,93800,0
2022,2,1,350000,100
2022,2,1,135000,100
2022,2,1,115934,100
2022,2,1,81666,100
2022,0,0,12000,100
2022,1,1,104697,100
2022,0,1,33000,100
2022,0,1,34672,100
2022,2,1,201000,0
2022,2,1,119000,0
2022,2,1,175000,100
2022,2,1,150000,100
2022,2,1,154560,0
2022,2,1,123648,0
2022,2,1,130000,0
2022,2,1,100000,0
2022,1,1,170000,0
2022,1,1,145000,0
2022,2,1,135000,100
2022,2,1,100000,100
2022,2,1,247500,0
2022,2,1,172200,0
2022,2,1,177500,100
2022,2,1,134000,100
2022,2,1,185900,0
2022,2,1,129300,0
2022,2,1,192564,100
2022,2,1,144854,100
2022,2,1,130000,0
2022,2,1,105000,0
2022,2,1,179305,100
2022,2,1,142127,100
2022,2,1,315000,100
2022,2,1,225000,100
2022,2,1,243900,100
2022,2,1,156600,100
2022,1,1,206000,0
2022,1,1,160000,0
2022,1,1,109000,0
2022,1,1,79000,0
2022,1,1,160000,0
2022,1,1,109000,0
2022,1,1,89306,50
2022,2,1,182500,100
2022,2,1,128500,100
2022,1,1,160000,100
2022,1,1,90000,100
2022,0,1,77300,100
2022,0,1,45600,100
2022,2,1,127000,100
2022,2,1,110000,100
2022,2,1,210000,100
2022,2,1,136000,100
2022,2,1,12608,100
2022,2,1,170000,100
2022,2,1,140000,100
2022,2,1,247500,0
2022,2,1,172200,0
2022,2,1,225000,0
2022,2,1,184100,0
2022,1,1,130000,0
2022,1,1,90000,0
2022,1,1,120000,100
2022,1,1,100000,100
2022,1,1,85000,100
2022,1,1,78000,100
2022,2,1,161000,100
2022,2,1,110000,100
2022,2,1,136000,100
2022,2,1,104000,100
2022,2,1,47280,0
2022,2,1,37824,0
2022,3,1,205000,0
2022,3,1,160000,0
2022,2,1,169000,0
2022,2,1,110600,0
2022,0,1,61566,100
2022,0,1,49253,100
2022,2,1,160000,0
2022,2,1,130000,0
2022,2,1,245000,0
2022,2,1,180000,0
2022,2,1,135000,0
2022,2,1,100000,0
2022,2,1,220000,0
2022,2,1,150000,0
2022,2,1,198440,0
2022,2,1,144000,0
2022,2,1,240000,0
2022,2,1,170000,0
2022,2,1,198440,0
2022,2,1,144000,0
2022,1,1,150000,100
2022,1,1,100000,100
2022,2,1,120000,0
2022,2,1,95000,0
2022,1,1,57872,50
2022,0,1,64000,100
2022,0,1,39925,50
2022,2,1,187200,100
2022,2,1,116100,100
2022,2,1,150000,0
2022,2,1,127000,0
2022,2,1,275000,100
2022,2,1,166000,100
2022,2,1,159699,0
2022,2,1,138938,0
2022,0,1,76000,50
2022,2,1,166700,0
2022,2,1,119000,0
2022,2,1,130000,0
2022,2,1,100000,0
2022,2,1,103432,0
2022,2,1,92350,0
2022,2,1,80000,0
2022,2,1,52500,0
2022,2,1,236000,100
2022,2,1,182000,100
2022,2,1,180000,100
2022,2,1,140000,100
2022,2,1,225000,0
2022,2,1,156400,0
2022,2,1,135000,100
2022,2,1,100000,100
2022,2,1,204500,0
2022,2,1,142200,0
2022,1,1,240000,100
2022,0,0,125404,50
2022,2,1,300000,0
2022,2,1,130000,0
2022,2,1,195000,100
2022,2,1,175000,100
2022,2,1,155000,0
2022,2,1,110000,0
2022,2,1,123000,0
2022,2,1,92250,0
2022,2,1,170000,0
2022,2,1,150000,0
2022,1,1,180000,100
2022,1,1,100000,100
2022,2,1,97000,100
2022,2,1,90000,100
2022,2,1,200000,0
2022,2,1,160000,0
2022,2,1,210000,100
2022,2,1,180000,100
2022,2,1,260000,0
2022,2,1,180000,0
2022,3,1,210000,100
2022,3,1,157000,100
2022,0,1,180000,100
2022,0,1,100000,100
2022,1,1,80000,0
2022,1,1,52500,0
2022,2,1,128000,0
2022,2,1,81500,0
2022,2,1,105000,0
2022,2,1,70000,0
2022,2,1,175000,0
2022,2,1,122500,0
2022,2,1,171000,0
2022,2,1,117000,0
2022,2,1,202800,0
2022,2,1,104300,0
2022,2,1,50432,0
2022,2,1,36773,0
2022,2,1,197000,0
2022,2,1,99000,0
2022,2,1,160000,0
2022,2,1,110000,0
2022,2,1,185900,0
2022,2,1,129300,0
2022,1,1,30000,100
2022,1,1,78000,100
2022,1,1,48000,100
2022,2,1,170000,0
2022,2,1,130000,0
2022,2,1,150000,0
2022,2,1,95000,0
2022,1,1,78000,100
2022,1,1,42000,100
2022,2,1,345600,0
2022,2,1,230400,0
2022,2,1,145000,0
2022,2,1,115000,0
2022,1,1,78000,100
2022,1,1,48000,100
2022,2,1,175950,100
2022,2,1,130050,100
2022,2,1,205600,0
2022,2,1,105700,0
2022,2,1,236600,100
2022,2,1,89200,100
2022,1,1,84000,100
2022,1,1,54000,100
2022,0,1,80000,100
2022,2,1,200000,100
2022,0,1,73742,100
2022,2,1,165000,50
2022,0,1,33246,50
2022,2,1,185900,0
2022,2,1,129300,0
2022,2,1,169000,0
2022,2,1,110600,0
2021,0,1,5409,50
2021,1,1,75050,50
2022,2,1,225000,0
2022,2,1,184100,0
2022,2,1,185900,0
2022,2,1,129300,0
2022,2,1,225000,0
2022,2,1,156400,0
2022,2,1,185900,0
2022,2,1,129300,0
2022,0,1,108000,0
2022,2,1,8000,100
2022,2,1,155000,100
2022,2,1,38000,100
2022,1,1,85000,0
2022,1,1,65000,0
2022,2,1,155000,100
2022,2,1,38000,100
2022,1,1,110820,0
2022,1,1,92350,0
2022,2,1,153600,100
2022,2,1,106800,100
2022,2,1,185000,100
2022,2,1,50000,100
2022,2,1,185900,0
2022,2,1,129300,0
2022,2,1,155000,100
2022,2,1,38000,100
2022,2,1,168000,100
2022,2,1,130000,100
2022,2,1,123400,0
2022,2,1,88100,0
2022,2,1,120000,100
2022,2,1,55000,100
2022,2,1,185900,0
2022,2,1,129300,0
2022,2,1,191200,0
2022,2,1,130000,0
2022,2,1,169000,0
2022,2,1,110600,0
2022,2,1,150000,0
2022,2,1,120000,0
2022,2,1,139000,0
2022,2,1,122000,0
2022,2,1,185900,0
2022,2,1,129300,0
2022,2,1,139600,0
2022,2,1,85700,0
2022,2,1,185000,100
2022,2,1,50000,100
2022,2,1,185900,0
2022,2,1,129300,0
2022,2,1,225000,0
2022,2,1,156400,0
2022,2,1,200000,100
2022,2,1,175000,100
2022,2,1,185900,0
2022,2,1,129300,0
2022,1,1,148500,100
2022,1,1,98200,100
2022,2,1,115000,100
2022,2,1,95000,100
2022,2,1,225000,100
2022,2,1,66000,100
2022,2,1,185000,100
2022,2,1,50000,100
2022,2,1,47280,0
2022,2,1,37824,0
2022,1,1,134000,0
2022,1,1,98000,0
2022,1,1,105000,0
2022,1,1,62000,0
2022,0,1,57000,100
2022,2,1,161311,50
2022,1,1,144200,100
2022,1,1,115360,100
2022,1,1,83171,0
2022,2,1,38154,100
2022,2,1,73546,0
2022,2,1,42026,0
2022,2,1,170000,100
2022,2,1,150000,100
2022,2,1,180000,100
2022,2,1,160000,100
2022,1,1,108000,50
2022,2,1,200000,100
2022,2,1,150000,100
2022,3,1,125976,50
2022,2,1,188700,100
2022,2,1,160395,100
2022,2,1,115934,100
2022,2,1,81666,100
2022,2,1,300000,0
2022,2,1,225000,0
2022,2,1,198440,100
2022,2,1,144000,100
2022,2,1,191475,100
2022,2,1,141525,100
2022,2,1,50432,0
2022,2,1,36773,0
2022,1,1,75648,100
2022,2,1,156868,100
2022,2,1,200000,100
2022,2,1,198440,0
2022,2,1,144000,0
2022,2,1,69344,100
2022,1,1,5132,100
2022,2,2,90000,100
2022,1,1,126080,0
2022,1,1,84053,0
2022,2,1,200000,100
2022,2,1,180000,100
2022,1,1,108000,100
2022,1,1,85000,100
2022,2,1,210000,100
2022,2,1,180000,100
2022,2,1,165000,100
2022,2,1,132000,100
2022,2,1,130000,100
2022,2,1,110000,100
2022,1,1,45050,50
2021,0,1,42028,50
2022,1,1,135000,100
2022,2,1,178800,100
2022,2,1,132100,100
2022,0,1,20000,50
2022,2,1,140000,0
2022,2,1,110000,0
2022,2,1,160000,100
2022,2,1,85000,100
2022,2,1,250000,100
2022,2,1,63000,100
2022,3,1,187200,100
2022,3,1,116100,100
2022,1,1,10000,0
2022,2,1,200000,100
2022,2,1,145000,100
2022,2,1,229998,0
2022,2,1,154545,0
2022,2,1,215000,0
2022,2,1,159000,0
2022,2,1,229998,0
2022,2,1,154545,0
2022,0,1,50000,100
2022,2,1,183000,100
2022,2,1,99750,100
2022,2,1,68400,100
2022,2,1,236900,100
2022,2,1,159200,100
2022,2,1,243225,100
2022,2,1,179775,100
2022,2,1,175000,100
2022,2,1,150000,100
2022,2,1,210000,100
2022,2,1,180000,100
2022,2,1,148000,100
2022,2,1,128000,100
2022,2,1,190000,100
2022,2,1,135000,100
2022,2,1,130000,100
2022,2,1,110000,100
2022,2,1,191475,100
2022,2,1,141525,100
2022,2,1,160000,100
2022,2,1,85000,100
2022,2,1,218000,0
2022,2,1,145300,0
2022,2,1,195400,100
2022,2,1,131300,100
2022,0,1,105000,100
2022,2,1,191475,100
2022,2,1,141525,100
2022,2,1,207000,100
2022,2,1,153000,100
2022,2,1,191475,100
2022,2,1,141525,100
2022,2,1,110000,0
2022,2,1,99000,0
2022,2,1,191475,100
2022,2,1,141525,100
2022,2,1,191475,100
2022,2,1,141525,100
2022,2,1,191475,100
2022,2,1,141525,100
2022,2,1,200000,100
2022,2,1,135000,100
2022,2,1,207000,100
2022,2,1,153000,100
2022,2,1,191475,100
2022,2,1,141525,100
2022,2,1,191475,100
2022,2,1,141525,100
2022,2,1,191475,100
2022,2,1,141525,100
2022,2,1,195700,0
2022,2,1,130500,0
2022,2,1,130000,100
2022,2,1,84000,100
2022,1,1,100000,100
2022,1,1,60000,100
2022,1,1,80036,100
2022,1,1,67723,100
2022,2,1,141300,0
2022,2,1,102100,0
2022,2,1,50432,0
2022,2,1,36773,0
2022,1,1,150000,100
2022,1,1,102200,100
2022,0,1,22892,50
2022,2,1,144000,100
2022,2,1,113000,100
2022,0,1,31520,100
2022,2,1,195400,100
2022,2,1,131300,100
2022,2,1,195400,100
2022,2,1,131300,100
2022,2,1,195400,100
2022,2,1,131300,100
2022,2,1,190000,100
2022,2,1,135000,100
2022,2,1,135000,100
2022,2,1,80000,100
2022,0,1,8050,100
2022,2,1,160000,100
2022,2,1,85000,100
2022,2,1,178800,100
2022,2,1,132100,100
2022,1,2,60000,100
2022,2,1,63040,50
2022,0,1,50000,100
2022,2,1,140000,100
2022,2,1,105000,100
2022,1,1,80036,100
2022,1,1,67723,100
2022,2,1,190000,100
2022,2,1,140000,100
2022,1,1,100000,100
2022,1,1,60000,100
2022,2,1,180000,100
2022,2,1,165000,100
2022,2,1,108000,0
2021,0,1,20000,50
2022,2,1,190000,100
2022,2,1,135000,100
2022,2,1,179400,0
2022,2,1,154000,0
2022,2,1,193900,0
2022,2,1,129300,0
2022,3,1,222640,0
2022,3,1,182160,0
2022,1,1,150000,0
2022,1,1,100000,0
2022,2,1,122500,100
2022,2,1,100000,100
2022,3,1,297500,100
2022,3,1,260000,100
2021,0,1,15000,100
2022,2,1,193000,100
2022,0,1,93000,0
2022,0,1,73000,0
2022,1,1,100000,100
2022,1,1,60000,100
2022,0,1,7799,100
2022,2,1,136994,100
2022,2,1,101570,100
2022,2,1,250000,100
2022,2,1,63000,100
2022,1,1,134000,0
2022,1,1,98000,0
2022,2,1,191475,100
2022,2,1,141525,100
2022,2,1,57786,50
2022,1,1,136000,100
2022,1,1,112000,100
2022,2,1,172000,100
2022,2,1,140000,100
2022,2,1,215000,0
2022,2,1,164000,0
2022,2,1,300000,0
2022,2,1,130000,0
2022,2,1,250000,100
2022,2,1,63000,100
2022,2,1,180000,100
2022,2,1,150000,100
2021,0,1,45390,50
2022,2,1,250000,100
2022,2,1,63000,100
2022,2,1,191475,100
2022,2,1,141525,100
2022,1,1,97500,100
2022,2,1,212800,100
2022,2,1,142800,100
2022,1,1,73546,50
2022,0,1,50000,50
2022,0,1,6359,100
2022,2,1,151800,0
2022,2,1,130240,0
2022,2,1,165000,100
2022,2,1,140250,100
2022,2,1,135000,0
2022,2,1,115000,0
2022,2,1,179400,100
2022,2,1,154000,100
2022,2,1,191475,100
2022,2,1,141525,100
2022,2,1,191475,100
2022,2,1,141525,100
2022,2,1,191475,100
2022,2,1,141525,100
2022,1,1,75000,0
2022,1,1,84053,100
2022,1,1,73546,100
2022,1,1,98506,100
2022,1,1,86193,100
2022,1,1,84053,100
2022,1,1,73546,100
2022,2,1,191475,100
2022,2,1,141525,100
2022,2,1,191475,100
2022,2,1,141525,100
2022,2,1,102663,100
2022,2,1,80041,100
2022,2,1,191475,100
2022,2,1,141525,100
2022,2,1,104611,100
2022,2,1,82280,100
2022,2,1,191475,100
2022,2,1,141525,100
2022,2,1,191475,0
2022,2,1,141525,0
2022,2,1,115000,0
2022,0,1,31520,50
2022,2,1,81000,100
2022,2,1,66000,100
2022,0,1,46000,100
2022,0,1,80000,100
2022,3,1,200000,100
2022,3,1,180000,100
2022,3,1,200000,100
2022,2,1,204100,0
2022,2,1,136100,0
2022,2,1,250000,0
2022,2,1,63000,0
2022,1,1,118208,0
2022,1,1,110820,0
2021,0,0,19073,50
2022,2,1,191475,100
2022,2,1,141525,100
2022,2,1,191475,100
2022,2,1,141525,100
2022,2,1,191475,100
2022,2,1,141525,100
2022,2,1,95000,100
2022,2,1,70000,100
2022,1,1,75000,100
2022,1,2,7500,50
2022,1,1,113000,0
2022,2,1,170000,100
2022,2,1,130000,100
2022,1,1,113000,100
2022,1,1,140000,100
2021,2,1,50000,100
2022,1,1,53368,100
2022,2,1,175000,0
2022,2,1,140000,0
2022,2,1,29944,50
2022,2,1,250000,0
2022,2,1,63000,0
2022,2,1,160000,0
2022,2,1,119300,0
2022,1,1,145000,50
2022,2,1,105000,0
2022,2,1,90000,0
2022,2,1,146200,100
2022,2,1,124270,100
2022,1,1,225000,0
2022,1,1,160000,0
2022,1,1,54634,100
2022,2,1,185800,100
2022,2,1,137400,100
2022,2,1,245000,0
2022,2,1,180000,0
2022,2,1,203500,0
2022,2,1,152000,0
2022,2,1,250000,0
2022,2,1,63000,0
2022,2,1,186000,100
2022,2,1,148800,100
2022,2,1,95386,50
2022,1,1,128058,50
2022,0,1,82000,0
2022,0,0,110000,100
2022,1,1,173000,50
2022,2,1,203500,0
2022,2,1,152000,0
2022,2,1,186000,100
2022,2,1,148800,100
2022,0,1,6270,100
2022,1,1,158000,100
2022,1,1,134000,100
2022,2,1,170000,100
2022,2,1,120000,100
2022,3,1,200000,100
2022,3,1,150000,100
2022,2,1,216200,0
2022,2,1,144100,0
2022,1,1,115573,0
2022,1,1,89306,0
2022,2,1,250000,0
2022,2,1,63000,0
2022,2,1,135000,100
2022,2,1,85000,100
2022,2,1,135000,100
2022,2,1,85000,100
2022,2,1,206000,100
2022,2,1,175100,100
2022,2,1,189650,0
2022,2,1,164996,0
2022,2,1,149040,100
2022,2,1,113900,100
2022,2,1,154000,100
2022,2,1,126000,100
2022,2,1,200000,100
2022,2,1,150000,100
2022,2,1,195700,0
2022,2,1,130500,0
2022,2,1,170000,100
2022,2,1,135000,100
2022,1,1,98506,0
2022,1,1,73880,0
2022,2,1,117000,100
2022,2,1,99450,100
2022,2,1,200000,100
2022,2,1,135000,100
2022,2,1,193900,0
2022,2,1,129300,0
2022,0,1,55410,100
2022,2,1,86193,0
2022,2,1,61566,0
2022,2,1,175000,100
2022,2,1,130000,100
2022,2,1,188100,0
2022,2,1,139860,0
2022,2,1,248700,0
2022,2,1,167100,0
2022,1,1,5723,100
2022,2,1,123400,0
2022,2,1,88100,0
2022,1,1,50432,100
2022,2,1,245000,0
2022,2,1,205000,0
2022,2,1,141300,0
2022,2,1,102100,0
2022,2,1,141300,0
2022,2,1,102100,0
2022,0,1,50000,100
2022,0,1,84053,100
2022,1,1,61566,50
2022,2,1,250000,0
2022,2,1,63000,0
2022,2,1,189500,100
2022,2,1,140100,100
2022,2,1,177600,100
2022,2,1,131300,100
2022,1,1,24000,0
2022,1,1,24000,0
2022,2,1,250000,0
2022,2,1,63000,0
2022,2,1,202900,100
2022,2,1,131300,100
2022,2,1,145000,100
2022,2,1,115000,100
2022,0,1,115000,50
2022,1,1,193900,0
2022,1,1,129300,0
2022,2,1,180000,100
2022,2,1,140000,100
2022,1,1,216200,0
2022,1,1,144100,0
2022,2,1,216000,0
2022,2,1,144000,0
2022,0,1,150000,100
2021,0,1,12171,100
2022,1,1,53416,100
2022,0,1,50000,50
2021,2,1,250000,50
2022,3,1,84053,0
2022,1,1,131752,100
2022,2,1,48000,100
2022,3,1,260500,0
2022,3,1,175100,0
2022,2,1,210000,100
2022,2,1,100000,100
2022,0,1,55000,100
2022,1,1,130000,100
2022,2,1,77119,100
2022,0,1,52008,50
2022,1,3,30523,100
2022,2,1,206699,0
2022,2,1,99100,0
2022,1,1,200000,0
2022,1,1,54000,0
2022,2,1,250000,0
2022,2,1,63000,0
2022,2,1,250000,0
2022,2,1,63000,0
2022,2,1,250000,0
2022,2,1,63000,0
2022,0,1,130000,50
2022,2,1,100000,0
2022,2,1,80000,0
2022,2,1,160000,0
2022,2,1,100000,0
2022,2,1,221300,100
2022,2,1,148700,100
2022,0,1,30000,100
2022,0,1,28368,50
2022,1,1,91118,0
2022,1,1,61566,0
2022,1,1,60938,100
2022,2,1,249260,0
2022,2,1,185400,0
2022,2,1,170000,100
2022,2,1,130000,100
2022,1,1,80036,50
2022,2,1,128875,100
2022,2,1,93700,100
2022,2,1,180000,100
2022,2,1,100000,100
2022,2,1,136260,100
2022,2,1,109280,100
2022,2,1,160000,100
2022,2,1,92000,100
2022,2,1,200000,100
2022,2,1,160000,100
2022,1,1,135446,0
2022,1,1,104663,0
2022,2,1,117000,100
2022,2,1,99450,100
2022,0,1,129000,100
2022,0,1,86000,100
2020,0,1,13493,100
2020,0,1,13493,100
2022,2,1,160000,0
2022,2,1,119300,0
2022,2,1,100000,100
2022,1,1,25000,50
2022,1,1,65257,50
2022,1,1,200000,100
2022,0,1,180000,100
2022,1,1,153000,100
2022,2,1,210000,100
2022,2,1,100000,100
2022,2,1,150075,100
2022,2,1,110925,100
2022,1,1,22800,100
2022,2,1,160000,100
2022,2,1,92000,100
2022,2,1,202900,100
2022,2,1,131300,100
2020,0,1,22809,100
2022,0,1,15000,0
2022,2,1,175000,100
2022,2,1,135000,100
2022,2,1,133766,100
2022,0,1,83000,0
2022,1,1,92350,100
2022,1,1,67723,100
2022,2,1,186000,0
2022,2,1,148800,0
2022,2,1,112900,0
2022,2,1,90320,0
2022,2,1,240000,0
2022,2,1,160000,0
2022,2,1,300000,100
2022,2,1,200000,100
2022,1,1,65666,50
2022,1,1,200000,100
2022,1,1,116976,0
2022,1,1,92350,0
2022,1,1,120000,0
2022,2,1,112900,100
2022,2,1,90320,100
2022,2,1,145000,100
2022,2,1,105400,100
2020,0,1,49268,0
2022,1,1,110820,0
2022,1,1,92350,0
2022,2,1,215300,100
2022,2,1,158200,100
2022,2,1,209100,100
2022,2,1,154600,100
2022,2,1,115934,0
2022,2,1,81666,0
2022,2,1,175000,100
2022,2,1,155000,100
2022,1,1,84053,100
2022,2,1,164000,0
2022,2,1,132000,0
2022,2,1,170000,100
2022,2,1,123000,100
2022,2,1,189650,0
2022,2,1,164996,0
2022,1,1,52533,0
2022,1,1,52533,0
2022,3,1,115222,100
2022,2,1,165400,100
2022,2,1,132320,100
2022,2,1,208775,100
2022,2,1,147800,100
2022,2,1,136994,100
2022,2,1,101570,100
2022,2,1,128875,100
2022,2,1,93700,100
2022,3,1,76309,50
2022,0,1,35093,100
2022,2,1,183600,100
2022,2,1,100800,100
2022,1,1,49253,100
2022,1,1,36940,100
2022,1,1,42026,100
2022,1,1,31520,100
2022,1,1,84053,100
2022,1,1,73546,100
2022,1,1,98506,100
2022,1,1,86193,100
2022,1,1,84053,100
2022,1,1,73546,100
2022,2,1,189650,0
2022,2,1,164996,0
2022,1,1,42026,100
2022,1,1,31520,100
2022,1,1,92350,100
2022,1,1,73880,100
2022,2,1,215300,0
2022,2,1,140400,0
2022,1,1,63040,100
2022,1,1,47280,100
2022,2,1,260000,100
2022,2,1,180000,100
2022,1,1,67723,0
2022,1,1,43096,0
2022,1,1,63040,100
2022,1,1,47280,100
2022,1,1,73880,100
2022,1,1,55410,100
2021,1,1,51064,50
2022,2,1,60000,100
2022,1,1,82900,0
2022,1,1,63900,0
2022,1,1,160000,100
2022,1,1,112300,100
2022,1,1,241000,100
2022,1,1,159000,100
2022,2,1,180000,0
2022,2,1,80000,0
2022,1,1,58000,0
2022,1,1,58000,0
2022,2,1,136000,0
2022,2,1,108800,0
2022,3,1,242000,100
2022,3,1,200000,100
2022,1,1,61566,0
2022,1,1,36940,0
2022,1,1,73880,0
2022,1,1,49253,0
2022,2,1,165220,100
2022,2,1,120160,100
2022,2,1,124190,100
2022,2,1,90320,100
2022,2,1,181940,0
2022,2,1,132320,0
2022,2,1,220110,0
2022,2,1,160080,0
2022,2,1,180000,0
2022,2,1,120000,0
2022,1,1,126500,0
2022,1,1,106260,0
2022,2,1,116000,0
2022,2,1,99000,0
2022,2,1,155000,100
2022,2,1,120600,100
2022,1,1,130000,0
2022,1,1,90000,0
2022,1,1,170000,100
2022,1,1,150000,100
2022,2,1,102100,100
2022,2,1,84900,100
2022,2,1,136620,100
2022,2,1,99360,100
2022,2,1,110820,0
2022,2,1,98506,0
2022,2,1,146000,100
2022,2,1,123000,100
2022,0,1,49253,100
2022,0,1,43096,100
2022,3,1,130000,100
2022,3,1,110000,100
2022,2,1,170000,100
2022,2,1,135000,100
2022,2,1,161342,100
2022,2,1,137141,100
2022,2,1,167000,100
2022,2,1,123000,100
2022,2,1,73880,0
2022,2,1,61566,0
2022,2,1,211500,100
2022,2,1,138600,100
2022,2,1,192400,100
2022,2,1,90700,100
2022,2,1,130000,100
2022,2,1,61300,100
2022,2,1,130000,100
2022,2,1,61300,100
2022,2,1,160000,0
2022,2,1,113000,0
2022,2,1,150000,0
2022,2,1,95550,0
2022,1,1,167000,100
2022,1,1,115500,100
2022,2,1,112900,100
2022,2,1,90320,100
2022,2,1,112900,100
2022,2,1,90320,100
2022,2,1,165400,100
2022,2,1,132320,100
2022,2,1,243900,100
2022,2,1,156600,100
2022,2,1,136600,100
2022,2,1,109280,100
2022,2,1,128875,100
2022,2,1,93700,100
2022,3,1,224000,100
2022,3,1,167875,100
2022,3,1,175000,100
2022,3,1,135000,100
2022,2,1,209100,100
2022,2,1,154600,100
2022,2,1,180000,100
2022,2,1,160000,100
2022,2,1,205300,0
2022,2,1,140400,0
2022,2,1,176000,100
2022,2,1,144000,100
2022,2,1,200100,100
2022,2,1,160000,100
2022,2,1,70500,0
2022,2,1,54000,0
2022,2,1,205300,0
2022,2,1,140400,0
2022,2,1,205300,0
2022,2,1,184700,0
2022,2,1,175100,100
2022,2,1,140250,100
2022,2,1,116150,100
2022,2,1,99050,100
2022,2,1,145000,100
2022,2,1,130000,100
2022,2,1,112900,100
2022,2,1,90320,100
2022,1,1,85000,0
2022,1,1,75000,0
2022,2,1,214000,100
2022,2,1,192600,100
2022,2,1,266400,100
2022,2,1,213120,100
2022,2,1,155000,100
2022,2,1,115000,100
2022,1,1,141300,0
2022,1,1,102100,0
2022,2,1,115934,100
2022,2,1,81666,100
2022,1,1,206699,0
2022,1,1,99100,0
2022,2,1,130000,100
2022,2,1,110500,100
2022,1,1,61566,0
2022,1,1,43096,0
2022,2,1,80000,100
2022,2,1,60000,100
2022,2,1,192564,100
2022,2,1,144854,100
2022,2,1,230000,100
2022,2,1,150000,100
2022,2,1,150260,100
2022,2,1,109280,100
2022,2,1,170000,100
2022,2,1,150000,100
2022,1,1,160000,100
2022,1,1,130000,100
2022,0,1,67000,0
2022,0,1,52000,0
2022,2,1,154000,100
2022,2,1,126000,100
2022,2,1,129000,0
2022,2,1,99000,0
2022,2,1,210000,100
2022,2,1,140000,100
2022,2,1,210000,100
2022,2,1,140000,100
2022,2,1,210000,100
2022,2,1,140000,100
2022,2,1,100000,100
2022,2,1,69000,100
2022,2,1,210000,100
2022,2,1,140000,100
2022,2,1,150075,100
2022,2,1,110925,100
2022,2,1,100000,100
2022,2,1,25000,100
2022,2,1,126500,100
2022,2,1,106260,100
2022,2,1,220110,100
2022,2,1,160080,100
2022,2,1,105000,100
2022,2,1,100000,100
2022,2,1,170000,100
2022,2,1,135000,100
2022,2,1,230000,100
2022,2,1,140000,100
2022,1,1,135000,100
2022,1,1,50000,100
2022,2,1,220000,100
2022,2,1,140000,100
2022,1,1,172386,0
2022,1,1,86193,0
2022,2,1,220000,100
2022,2,1,120000,100
2022,1,1,200000,100
2022,1,1,120000,100
2022,2,1,120000,100
2022,2,1,65000,100
2022,3,1,324000,100
2022,3,1,216000,100
2022,2,1,210000,100
2022,2,1,100000,100
2022,2,1,185100,100
2022,2,1,104890,100
2022,2,1,105000,100
2022,2,1,80000,100
2022,1,1,76814,100
2020,2,1,117104,50
2022,3,1,192037,50
2022,1,1,120000,100
2022,1,1,17805,100
2022,1,1,30523,100
2022,1,1,55685,50
2022,1,0,52533,50
2022,0,1,17805,100
2022,1,1,75000,100
2022,1,1,157000,100
2022,1,1,69133,50
2022,0,1,65000,100
2022,2,1,68293,100
2021,1,1,109000,50
2022,1,1,67597,100
2022,0,1,10000,100
2022,1,1,20000,100
2021,2,1,102839,100
2022,2,1,200000,100
2022,0,1,51081,100
2022,1,1,78000,100
2022,2,1,135000,100
2022,2,1,115000,100
2022,1,1,83864,100
2022,0,1,40000,100
2022,1,1,31520,100
2022,2,1,59888,100
2020,0,1,54742,100
2022,2,1,89306,50
2022,0,1,83171,50
2022,2,1,165000,100
2022,1,1,153000,50
2022,2,1,100000,100
2022,2,1,76814,100
2022,1,1,33609,100
2022,1,1,75000,100
2020,1,1,20000,0
2022,0,2,30469,100
2021,1,1,69999,50
2022,0,1,55475,100
2022,1,1,61989,0
2022,2,1,152500,100
2022,0,1,120000,100
2022,1,1,135000,100
2022,2,1,405000,100
2021,2,1,150000,0
2021,2,1,240000,0
2021,1,1,135000,100
2021,0,1,80000,100
2022,2,1,380000,100
2022,1,1,120402,0
2022,2,1,177000,100
2022,1,1,65141,100
2022,1,1,48000,100
2022,0,1,20000,0
2021,2,1,220000,0
2021,1,1,77364,50
2021,1,1,63711,50
2022,0,1,150000,100
2021,1,1,90000,100
2022,1,3,100000,100
2021,0,1,100000,0
2022,0,0,100000,50
2022,2,1,144000,50
2022,2,1,155499,100
2021,2,1,24000,100
2021,1,1,38400,100
2022,0,1,100000,50
2021,1,1,82500,100
2021,0,1,49646,50
2021,2,1,40570,50
2022,0,1,120000,100
2022,2,1,84053,0
2021,0,1,20000,100
2022,0,1,125000,0
2021,1,1,9466,0
2021,2,1,120000,50
2021,0,0,10354,50
2021,0,1,110037,0
2022,0,1,21013,100
2021,0,1,50000,100
2021,2,1,200000,100
2021,1,1,60000,50
2021,1,1,200000,100
2021,0,1,100000,50
2021,1,1,100000,100
2021,2,1,82744,50
2020,1,1,59303,100
2021,1,1,62649,50
2021,1,1,82528,100
2021,1,1,170000,100
2021,1,1,150000,100
2021,0,1,55000,50
2021,3,1,250000,0
2021,0,1,80000,100
2020,0,1,70000,100
2021,3,1,130026,50
2021,0,1,63831,50
2020,2,1,68428,100
2021,3,1,85000,0
2021,3,1,230000,50
2021,0,1,125000,100
2021,2,1,120000,100
2020,1,1,450000,0
2020,1,1,46759,50
2020,1,1,74130,50
2021,2,1,127221,50
2021,2,1,144000,100
2021,0,1,13400,100
2021,1,1,75774,100
2021,1,1,150000,100
2020,1,1,103000,100
2021,2,1,153000,100
2021,1,1,90000,100
2021,0,1,90000,100
2021,0,1,60000,100
2021,1,1,50000,100
2021,0,0,12000,100
2021,1,0,5409,50
2021,1,2,270000,100
2021,1,1,54238,50
2021,1,1,47282,100
2021,3,1,153667,100
2021,1,1,28476,100
2021,1,1,110000,100
2021,0,1,82528,50
2020,0,1,250000,50
2021,0,1,59102,50
2021,2,1,80000,100
2020,0,1,10000,100
2020,0,1,138000,100
2021,1,1,140000,100
2021,2,1,79197,100
2021,2,1,170000,100
2021,0,1,80000,100
2020,1,1,45760,100
2021,1,1,100000,100
2021,2,1,53192,50
2021,3,1,235000,100
2021,3,1,150000,100
2020,3,1,79833,50
2021,0,1,225000,100
2021,0,1,76833,100
2020,1,1,50180,0
2021,2,1,88654,100
2021,2,1,103160,100
2021,2,1,113476,100
2021,2,1,94564,50
2021,0,1,30428,100
2021,2,1,150000,100
2021,2,1,115000,100
2021,1,1,187442,100
2021,1,1,51519,50
2020,1,1,106000,100
2020,1,1,112872,50
2021,1,1,36259,50
2021,2,1,150000,100
2020,0,0,15966,100
2021,1,1,95746,100
2021,0,1,70000,100
2020,1,1,76958,100
2021,1,1,89294,50
2021,0,1,29751,50
2021,2,1,276000,0
2020,2,1,188000,100
2021,2,1,160000,100
2020,1,1,105000,100
2021,1,1,200000,100
2021,2,1,174000,100
2021,1,1,93000,100
2021,0,1,28399,100
2021,2,1,60757,50
2021,0,1,90000,100
2020,1,1,70139,50
2020,0,1,6072,0
2020,2,1,33511,0
2021,2,1,170000,100
2021,2,1,96282,50
2021,1,1,12103,0
2021,0,1,36643,50
2021,1,1,72212,50
2020,0,1,91000,100
2021,2,1,99703,50
2021,2,1,165000,100
2021,1,1,80000,100
2021,2,1,103691,100
2021,0,1,21637,50
2020,0,1,42000,50
2020,1,1,115000,0
2021,1,1,63810,100
2020,2,1,260000,0
2021,1,1,110000,0
2021,1,1,180000,100
2021,2,1,200000,100
2020,2,1,109024,50
2021,2,1,200000,100
2021,2,1,256000,100
2021,1,1,110000,100
2020,1,1,79833,0
2021,0,1,72500,100
2021,2,1,185000,50
2021,1,0,69741,100
2021,0,1,100000,0
2021,1,1,112000,100
2020,2,1,150000,50
2021,2,1,20171,50
2021,2,1,55000,100
2021,0,1,58000,50
2021,0,1,100000,100
2021,2,1,77684,50
2021,0,1,85000,100
2021,0,1,76833,0
2021,2,2,105000,100
2020,0,1,72000,100
2021,0,1,65013,50
2021,1,1,28016,100
2021,1,1,111775,0
2021,1,1,93150,0
2021,2,1,160000,50
2021,1,1,25532,100
2021,2,1,66265,0
2021,1,1,16904,100
2021,2,1,63831,50
2020,2,1,190000,100
2021,3,1,141846,0
2021,0,1,16228,100
2021,2,1,71786,100
2020,1,1,35735,50
2021,2,1,135000,0
2021,0,1,24823,50
2021,2,1,54094,50
2021,2,1,24342,100
2021,0,1,9272,100
2021,1,1,147000,50
2021,2,1,96113,50
2021,2,1,174000,100
2020,1,1,135000,100
2021,0,1,21844,50
2020,2,1,125000,50
2020,0,1,51321,0
2020,1,1,40481,0
2021,3,1,69741,100
2021,2,1,50000,100
2020,0,1,39916,0
2020,1,1,87000,100
2021,1,1,26005,0
2021,1,1,90734,50
2021,1,1,22611,0
2021,1,1,5679,100
2021,0,1,81000,50
2021,1,1,40038,100
2021,0,1,90000,100
2021,1,1,61467,50
2021,2,1,195000,100
2021,1,1,37825,100
2020,1,1,85000,100
2021,3,2,416000,100
2021,2,1,225000,100
2021,1,1,56256,50
2021,1,1,33808,0
2021,1,1,116914,50
2021,1,1,46597,100
2020,1,1,8000,50
2020,0,1,41689,100
2020,2,1,114047,100
2021,1,1,88654,100
2020,0,1,5707,50
2020,1,1,56000,100
2021,0,0,28609,50
2021,1,1,88654,50
2020,1,1,6072,100
2020,2,1,47899,50
2020,1,1,98000,0
2021,1,1,66022,50
2021,1,1,56738,50
2021,1,1,24823,50
2021,2,1,120000,0
2021,1,3,20000,0
2020,3,1,325000,100
2021,2,1,200000,100
2020,0,1,45896,50
2021,1,1,160000,100
2021,2,1,50000,100
2021,1,1,40189,100
2021,1,1,12901,0
2021,2,1,165000,0
2021,0,1,5882,0
2020,1,1,42197,50
2021,2,1,185000,100
2020,0,1,62726,50
2021,1,1,90734,50
2020,0,0,21669,50
2020,1,1,110000,100
2021,2,1,140000,100
2020,2,1,120000,50
2021,2,1,87738,100
2021,2,1,61896,50
2021,1,3,12000,50
2021,2,1,76833,50
2021,1,1,74000,50
2021,2,1,152000,100
2021,1,1,18000,0
2020,2,3,60000,100
2021,1,1,130000,50
2021,2,1,18907,0
2021,0,1,59102,100
2021,2,1,173762,100
2020,2,1,148261,100
2020,1,1,38776,100
2021,1,1,46809,100
2021,0,1,18053,100
2020,2,1,91237,0
2020,1,1,62726,50
2021,1,1,115000,50
2021,2,1,235000,100
2021,1,1,19609,100
2021,0,0,12000,100
2021,1,1,75000,0
2021,1,1,62000,0
2021,1,1,73000,0
2021,1,1,45391,100
2020,2,1,190200,100
2020,1,1,118000,100
2020,1,1,138350,100
2020,1,1,130800,100
2020,2,1,45618,100
2021,2,1,168000,0
2021,1,1,119059,100
2021,1,1,423000,50
2021,1,1,28369,50
2021,2,1,165000,100
2020,2,1,412000,100
2021,1,1,151000,100
2020,0,1,105000,100
2020,0,2,100000,100
2021,2,1,94665,50
